ISO-10303-21;
HEADER;
/* Generated by software containing ST-Developer
 * from STEP Tools, Inc. (www.steptools.com) 
 */

FILE_DESCRIPTION(
/* description */ (''),
/* implementation_level */ '2;1');

FILE_NAME(
/* name */ 'spinnin_plug.step',
/* time_stamp */ '2026-02-26T07:36:15+01:00',
/* author */ (''),
/* organization */ (''),
/* preprocessor_version */ 'ST-DEVELOPER v20.1',
/* originating_system */ 'Autodesk Translation Framework v14.21.0.0',
/* authorisation */ '');

FILE_SCHEMA (('AUTOMOTIVE_DESIGN { 1 0 10303 214 3 1 1 }'));
ENDSEC;

DATA;
#10=MECHANICAL_DESIGN_GEOMETRIC_PRESENTATION_REPRESENTATION('',(#17),#4894);
#11=ITEM_DEFINED_TRANSFORMATION($,$,#2415,#2674);
#12=(
REPRESENTATION_RELATIONSHIP($,$,#4905,#4904)
REPRESENTATION_RELATIONSHIP_WITH_TRANSFORMATION(#11)
SHAPE_REPRESENTATION_RELATIONSHIP()
);
#13=CONTEXT_DEPENDENT_SHAPE_REPRESENTATION(#12,#4903);
#14=NEXT_ASSEMBLY_USAGE_OCCURRENCE('zadka:1','zadka:1','zadka:1',#4907,
#4908,'zadka:1');
#15=SHAPE_REPRESENTATION_RELATIONSHIP('SRR','None',#4905,#16);
#16=ADVANCED_BREP_SHAPE_REPRESENTATION('',(#18),#4893);
#17=STYLED_ITEM('',(#4918),#18);
#18=MANIFOLD_SOLID_BREP('Body1',#2401);
#19=FACE_BOUND('',#289,.T.);
#20=FACE_BOUND('',#290,.T.);
#21=FACE_BOUND('',#291,.T.);
#22=FACE_BOUND('',#331,.T.);
#23=FACE_BOUND('',#392,.T.);
#24=FACE_BOUND('',#393,.T.);
#25=FACE_BOUND('',#394,.T.);
#26=FACE_BOUND('',#395,.T.);
#27=FACE_BOUND('',#396,.T.);
#28=FACE_BOUND('',#397,.T.);
#29=FACE_BOUND('',#398,.T.);
#30=FACE_BOUND('',#399,.T.);
#31=FACE_BOUND('',#400,.T.);
#32=FACE_BOUND('',#401,.T.);
#33=FACE_BOUND('',#402,.T.);
#34=FACE_BOUND('',#403,.T.);
#35=FACE_BOUND('',#404,.T.);
#36=FACE_BOUND('',#405,.T.);
#37=FACE_BOUND('',#406,.T.);
#38=FACE_BOUND('',#407,.T.);
#39=FACE_BOUND('',#408,.T.);
#40=FACE_BOUND('',#409,.T.);
#41=FACE_BOUND('',#410,.T.);
#42=FACE_BOUND('',#411,.T.);
#43=FACE_BOUND('',#412,.T.);
#44=FACE_BOUND('',#413,.T.);
#45=FACE_BOUND('',#414,.T.);
#46=FACE_BOUND('',#415,.T.);
#47=SPHERICAL_SURFACE('',#2432,36.);
#48=B_SPLINE_CURVE_WITH_KNOTS('',3,(#3387,#3388,#3389,#3390,#3391,#3392,
#3393,#3394,#3395,#3396,#3397,#3398,#3399,#3400),.UNSPECIFIED.,.F.,.F.,
(4,2,2,2,2,2,4),(0.763165524708982,0.779053919661135,0.820458575748576,
0.858970441531342,0.895043927664516,0.933012718772303,0.965665430264138),
 .UNSPECIFIED.);
#49=B_SPLINE_CURVE_WITH_KNOTS('',3,(#3404,#3405,#3406,#3407,#3408,#3409,
#3410,#3411,#3412,#3413,#3414,#3415,#3416,#3417,#3418),.UNSPECIFIED.,.F.,
 .F.,(4,3,2,2,2,2,4),(1.15506794505833,1.18021772061893,1.21899620903475,
1.2519822360865,1.28488405332423,1.32124471335712,1.34570889284731),
 .UNSPECIFIED.);
#50=B_SPLINE_CURVE_WITH_KNOTS('',3,(#3425,#3426,#3427,#3428,#3429,#3430,
#3431,#3432,#3433,#3434,#3435,#3436,#3437,#3438),.UNSPECIFIED.,.F.,.F.,
(4,2,2,2,2,2,4),(0.763165524709774,0.779053919661978,0.820458575749557,
0.858970441532455,0.895043927665756,0.933012718773689,0.965665430265602),
 .UNSPECIFIED.);
#51=B_SPLINE_CURVE_WITH_KNOTS('',3,(#3441,#3442,#3443,#3444,#3445,#3446,
#3447,#3448,#3449,#3450,#3451,#3452,#3453,#3454,#3455),.UNSPECIFIED.,.F.,
 .F.,(4,3,2,2,2,2,4),(1.15506794506109,1.1802177206217,1.21899620903756,
1.25198223608937,1.28488405332716,1.3212447133601,1.34570889285033),
 .UNSPECIFIED.);
#52=B_SPLINE_CURVE_WITH_KNOTS('',3,(#3461,#3462,#3463,#3464,#3465,#3466,
#3467,#3468,#3469,#3470,#3471,#3472,#3473,#3474),.UNSPECIFIED.,.F.,.F.,
(4,2,2,2,2,2,4),(-0.455368884480302,-0.398515318282918,-0.341661752085533,
-0.28512616352326,-0.228590574960986,-0.171595453164983,-0.131017711652978),
 .UNSPECIFIED.);
#53=B_SPLINE_CURVE_WITH_KNOTS('',3,(#3482,#3483,#3484,#3485,#3486,#3487,
#3488,#3489,#3490,#3491,#3492,#3493,#3494,#3495,#3496,#3497,#3498,#3499),
 .UNSPECIFIED.,.F.,.F.,(4,2,2,2,2,2,2,2,4),(-0.460547399974011,-0.404060276139867,
-0.347573152305723,-0.290004903030907,-0.232436653756092,-0.173777385182404,
-0.115118116608717,-0.0575590583043585,0.),.UNSPECIFIED.);
#54=B_SPLINE_CURVE_WITH_KNOTS('',3,(#3507,#3508,#3509,#3510,#3511,#3512,
#3513,#3514,#3515,#3516,#3517,#3518,#3519,#3520,#3521,#3522,#3523,#3524),
 .UNSPECIFIED.,.F.,.F.,(4,2,2,2,2,2,2,2,4),(-0.470906469590855,-0.414868514850364,
-0.358830560109873,-0.298913879655637,-0.2389971992014,-0.177312877004057,
-0.115628554806714,-0.0578142774033572,0.),.UNSPECIFIED.);
#55=B_SPLINE_CURVE_WITH_KNOTS('',3,(#3532,#3533,#3534,#3535,#3536,#3537,
#3538,#3539,#3540,#3541,#3542,#3543,#3544,#3545,#3546,#3547,#3548,#3549),
 .UNSPECIFIED.,.F.,.F.,(4,2,2,2,2,2,2,2,4),(-0.48883806697447,-0.433364179807421,
-0.377890292640371,-0.313724513964537,-0.249558735288702,-0.182883114561563,
-0.116207493834424,-0.0581037469172121,0.),.UNSPECIFIED.);
#56=B_SPLINE_CURVE_WITH_KNOTS('',3,(#3557,#3558,#3559,#3560),
 .UNSPECIFIED.,.F.,.F.,(4,4),(0.490613716945281,0.505687957769614),
 .UNSPECIFIED.);
#57=B_SPLINE_CURVE_WITH_KNOTS('',3,(#3564,#3565,#3566,#3567,#3568,#3569,
#3570,#3571,#3572,#3573,#3574,#3575,#3576,#3577,#3578,#3579,#3580,#3581),
 .UNSPECIFIED.,.F.,.F.,(4,2,2,2,2,2,2,2,4),(-0.436312720926814,-0.43300552525395,
-0.374909845702426,-0.31469329714844,-0.254476748594454,-0.189911706754853,
-0.125346664915251,-0.0626733324576255,0.),.UNSPECIFIED.);
#58=B_SPLINE_CURVE_WITH_KNOTS('',3,(#3585,#3586,#3587,#3588,#3589,#3590,
#3591,#3592,#3593,#3594,#3595,#3596,#3597,#3598),.UNSPECIFIED.,.F.,.F.,
(4,2,2,2,2,2,4),(-0.323417354395982,-0.316317454156629,-0.255652140311742,
-0.18976971463394,-0.123887288956138,-0.0619436444780689,0.),
 .UNSPECIFIED.);
#59=B_SPLINE_CURVE_WITH_KNOTS('',3,(#3602,#3603,#3604,#3605),
 .UNSPECIFIED.,.F.,.F.,(4,4),(0.491002102460681,0.536142691151951),
 .UNSPECIFIED.);
#60=B_SPLINE_CURVE_WITH_KNOTS('',3,(#3609,#3610,#3611,#3612,#3613,#3614,
#3615,#3616,#3617,#3618,#3619,#3620,#3621,#3622,#3623,#3624,#3625,#3626),
 .UNSPECIFIED.,.F.,.F.,(4,2,2,2,2,2,2,2,4),(-0.421928087425164,-0.41799253322864,
-0.35951703367138,-0.301341566486299,-0.243166099301218,-0.182595661408749,
-0.122025223516279,-0.0610126117581397,0.),.UNSPECIFIED.);
#61=B_SPLINE_CURVE_WITH_KNOTS('',3,(#3630,#3631,#3632,#3633,#3634,#3635,
#3636,#3637,#3638,#3639),.UNSPECIFIED.,.F.,.F.,(4,2,2,2,4),(-0.241165823614259,
-0.194073470420618,-0.131739498675449,-0.0658697493377247,0.),
 .UNSPECIFIED.);
#62=B_SPLINE_CURVE_WITH_KNOTS('',3,(#3643,#3644,#3645,#3646,#3647,#3648,
#3649,#3650),.UNSPECIFIED.,.F.,.F.,(4,2,2,4),(-0.490882939472242,-0.426895500688897,
-0.362908061905552,-0.336236657702573),.UNSPECIFIED.);
#63=B_SPLINE_CURVE_WITH_KNOTS('',3,(#3654,#3655,#3656,#3657,#3658,#3659,
#3660,#3661,#3662,#3663,#3664,#3665,#3666,#3667,#3668,#3669,#3670,#3671),
 .UNSPECIFIED.,.F.,.F.,(4,2,2,2,2,2,2,2,4),(-0.414008716925807,-0.409657373861788,
-0.350898191167681,-0.293587048950168,-0.236275906732655,-0.177961945187003,
-0.119647983641351,-0.0598239918206758,0.),.UNSPECIFIED.);
#64=B_SPLINE_CURVE_WITH_KNOTS('',3,(#3675,#3676,#3677,#3678,#3679,#3680,
#3681,#3682,#3683,#3684,#3685,#3686),.UNSPECIFIED.,.F.,.F.,(4,2,2,2,2,4),
(-0.261141835529679,-0.251904093546301,-0.192976661708319,-0.134049229870337,
-0.0670246149351683,0.),.UNSPECIFIED.);
#65=B_SPLINE_CURVE_WITH_KNOTS('',3,(#3690,#3691,#3692,#3693,#3694,#3695),
 .UNSPECIFIED.,.F.,.F.,(4,2,4),(0.394629076988109,0.448231766255555,0.462891222546622),
 .UNSPECIFIED.);
#66=B_SPLINE_CURVE_WITH_KNOTS('',3,(#3699,#3700,#3701,#3702,#3703,#3704,
#3705,#3706,#3707,#3708,#3709,#3710,#3711,#3712,#3713,#3714,#3715,#3716),
 .UNSPECIFIED.,.F.,.F.,(4,2,2,2,2,2,2,2,4),(-0.365910993638863,-0.319789517693109,
-0.273668041747354,-0.228595990049263,-0.183523938351172,-0.13817370497041,
-0.0928234715896482,-0.0464117357948242,0.),.UNSPECIFIED.);
#67=B_SPLINE_CURVE_WITH_KNOTS('',3,(#3720,#3721,#3722,#3723,#3724,#3725),
 .UNSPECIFIED.,.F.,.F.,(4,2,4),(-0.0935719209448419,-0.0544519118588931,
0.),.UNSPECIFIED.);
#68=B_SPLINE_CURVE_WITH_KNOTS('',3,(#3729,#3730,#3731,#3732,#3733,#3734),
 .UNSPECIFIED.,.F.,.F.,(4,2,4),(0.39462907698811,0.449080988847003,0.488200997932952),
 .UNSPECIFIED.);
#69=B_SPLINE_CURVE_WITH_KNOTS('',3,(#3738,#3739,#3740,#3741,#3742,#3743,
#3744,#3745,#3746,#3747,#3748,#3749,#3750,#3751,#3752,#3753,#3754,#3755),
 .UNSPECIFIED.,.F.,.F.,(4,2,2,2,2,2,2,2,4),(-0.365910993638863,-0.319499257844039,
-0.273087522049215,-0.227737288668453,-0.182387055287691,-0.1373150035896,
-0.0922429518915084,-0.0461214759457542,0.),.UNSPECIFIED.);
#70=B_SPLINE_CURVE_WITH_KNOTS('',3,(#3759,#3760,#3761,#3762,#3763,#3764),
 .UNSPECIFIED.,.F.,.F.,(4,2,4),(-0.0682621455585114,-0.0536026892674455,
0.),.UNSPECIFIED.);
#71=B_SPLINE_CURVE_WITH_KNOTS('',3,(#3768,#3769,#3770,#3771,#3772,#3773,
#3774,#3775,#3776,#3777,#3778,#3779),.UNSPECIFIED.,.F.,.F.,(4,2,2,2,2,4),
(-0.490882939472242,-0.423858324537074,-0.356833709601906,-0.297906277763923,
-0.238978845925941,-0.229741103942563),.UNSPECIFIED.);
#72=B_SPLINE_CURVE_WITH_KNOTS('',3,(#3783,#3784,#3785,#3786,#3787,#3788,
#3789,#3790,#3791,#3792,#3793,#3794,#3795,#3796,#3797,#3798,#3799,#3800),
 .UNSPECIFIED.,.F.,.F.,(4,2,2,2,2,2,2,2,4),(-0.41400650050686,-0.409321159592977,
-0.350188951114613,-0.290910718580458,-0.231632486046302,-0.173629458951277,
-0.115626431856252,-0.0578132159281258,0.),.UNSPECIFIED.);
#73=B_SPLINE_CURVE_WITH_KNOTS('',3,(#3804,#3805,#3806,#3807,#3808,#3809,
#3810,#3811),.UNSPECIFIED.,.F.,.F.,(4,2,2,4),(-0.154646281769668,-0.12797487756669,
-0.0639874387833449,0.),.UNSPECIFIED.);
#74=B_SPLINE_CURVE_WITH_KNOTS('',3,(#3815,#3816,#3817,#3818,#3819,#3820,
#3821,#3822,#3823,#3824),.UNSPECIFIED.,.F.,.F.,(4,2,2,2,4),(0.491002102460681,
0.556871851798406,0.622741601136131,0.685075572881299,0.732167926074941),
 .UNSPECIFIED.);
#75=B_SPLINE_CURVE_WITH_KNOTS('',3,(#3828,#3829,#3830,#3831,#3832,#3833,
#3834,#3835,#3836,#3837,#3838,#3839,#3840,#3841,#3842,#3843,#3844,#3845),
 .UNSPECIFIED.,.F.,.F.,(4,2,2,2,2,2,2,2,4),(-0.421916389727081,-0.417367179325406,
-0.358192532460231,-0.296247879673885,-0.234303226887538,-0.174342757494026,
-0.114382288100514,-0.057191144050257,0.),.UNSPECIFIED.);
#76=B_SPLINE_CURVE_WITH_KNOTS('',3,(#3849,#3850,#3851,#3852),
 .UNSPECIFIED.,.F.,.F.,(4,4),(-0.0451405888142484,0.),.UNSPECIFIED.);
#77=B_SPLINE_CURVE_WITH_KNOTS('',3,(#3856,#3857,#3858,#3859,#3860,#3861,
#3862,#3863,#3864,#3865,#3866,#3867,#3868,#3869),.UNSPECIFIED.,.F.,.F.,
(4,2,2,2,2,2,4),(0.490613716945281,0.55255736142335,0.614501005901419,0.680383431579221,
0.746265857257023,0.80693117110191,0.814031071341262),.UNSPECIFIED.);
#78=B_SPLINE_CURVE_WITH_KNOTS('',3,(#3873,#3874,#3875,#3876,#3877,#3878,
#3879,#3880,#3881,#3882,#3883,#3884,#3885,#3886,#3887,#3888,#3889,#3890),
 .UNSPECIFIED.,.F.,.F.,(4,2,2,2,2,2,2,2,4),(-0.436272946375275,-0.432050547267146,
-0.372870116971609,-0.306591761581336,-0.240313406191064,-0.176767354662865,
-0.113221303134666,-0.0566106515673331,0.),.UNSPECIFIED.);
#79=B_SPLINE_CURVE_WITH_KNOTS('',3,(#3894,#3895,#3896,#3897),
 .UNSPECIFIED.,.F.,.F.,(4,4),(-0.0150742409236798,0.),.UNSPECIFIED.);
#80=B_SPLINE_CURVE_WITH_KNOTS('',3,(#3901,#3902,#3903,#3904),
 .UNSPECIFIED.,.F.,.F.,(4,4),(0.490613716945281,0.505687957769614),
 .UNSPECIFIED.);
#81=B_SPLINE_CURVE_WITH_KNOTS('',3,(#3908,#3909,#3910,#3911,#3912,#3913,
#3914,#3915,#3916,#3917,#3918,#3919,#3920,#3921,#3922,#3923,#3924,#3925),
 .UNSPECIFIED.,.F.,.F.,(4,2,2,2,2,2,2,2,4),(-0.436312720926814,-0.43300552525395,
-0.374909845702426,-0.31469329714844,-0.254476748594455,-0.189911706754853,
-0.125346664915251,-0.0626733324576255,0.),.UNSPECIFIED.);
#82=B_SPLINE_CURVE_WITH_KNOTS('',3,(#3929,#3930,#3931,#3932,#3933,#3934,
#3935,#3936,#3937,#3938,#3939,#3940,#3941,#3942),.UNSPECIFIED.,.F.,.F.,
(4,2,2,2,2,2,4),(-0.323417354395982,-0.316317454156629,-0.255652140311742,
-0.18976971463394,-0.123887288956138,-0.0619436444780689,0.),
 .UNSPECIFIED.);
#83=B_SPLINE_CURVE_WITH_KNOTS('',3,(#3946,#3947,#3948,#3949),
 .UNSPECIFIED.,.F.,.F.,(4,4),(0.491002102460682,0.536142691151952),
 .UNSPECIFIED.);
#84=B_SPLINE_CURVE_WITH_KNOTS('',3,(#3953,#3954,#3955,#3956,#3957,#3958,
#3959,#3960,#3961,#3962,#3963,#3964,#3965,#3966,#3967,#3968,#3969,#3970),
 .UNSPECIFIED.,.F.,.F.,(4,2,2,2,2,2,2,2,4),(-0.421928087425164,-0.417992533228641,
-0.359517033671381,-0.3013415664863,-0.243166099301219,-0.182595661408749,
-0.12202522351628,-0.0610126117581398,0.),.UNSPECIFIED.);
#85=B_SPLINE_CURVE_WITH_KNOTS('',3,(#3974,#3975,#3976,#3977,#3978,#3979,
#3980,#3981,#3982,#3983),.UNSPECIFIED.,.F.,.F.,(4,2,2,2,4),(-0.241165823614259,
-0.194073470420619,-0.13173949867545,-0.0658697493377247,0.),
 .UNSPECIFIED.);
#86=B_SPLINE_CURVE_WITH_KNOTS('',3,(#3987,#3988,#3989,#3990,#3991,#3992,
#3993,#3994),.UNSPECIFIED.,.F.,.F.,(4,2,2,4),(-0.490882939472242,-0.426895500688897,
-0.362908061905552,-0.336236657702573),.UNSPECIFIED.);
#87=B_SPLINE_CURVE_WITH_KNOTS('',3,(#3998,#3999,#4000,#4001,#4002,#4003,
#4004,#4005,#4006,#4007,#4008,#4009,#4010,#4011,#4012,#4013,#4014,#4015),
 .UNSPECIFIED.,.F.,.F.,(4,2,2,2,2,2,2,2,4),(-0.414008716925807,-0.409657373861788,
-0.350898191167681,-0.293587048950168,-0.236275906732655,-0.177961945187003,
-0.119647983641351,-0.0598239918206758,0.),.UNSPECIFIED.);
#88=B_SPLINE_CURVE_WITH_KNOTS('',3,(#4019,#4020,#4021,#4022,#4023,#4024,
#4025,#4026,#4027,#4028,#4029,#4030),.UNSPECIFIED.,.F.,.F.,(4,2,2,2,2,4),
(-0.261141835529679,-0.251904093546301,-0.192976661708319,-0.134049229870337,
-0.0670246149351683,0.),.UNSPECIFIED.);
#89=B_SPLINE_CURVE_WITH_KNOTS('',3,(#4034,#4035,#4036,#4037,#4038,#4039),
 .UNSPECIFIED.,.F.,.F.,(4,2,4),(0.394629076988109,0.448231766255555,0.462891222546622),
 .UNSPECIFIED.);
#90=B_SPLINE_CURVE_WITH_KNOTS('',3,(#4043,#4044,#4045,#4046,#4047,#4048,
#4049,#4050,#4051,#4052,#4053,#4054,#4055,#4056,#4057,#4058,#4059,#4060),
 .UNSPECIFIED.,.F.,.F.,(4,2,2,2,2,2,2,2,4),(-0.365910993638863,-0.319789517693109,
-0.273668041747354,-0.228595990049263,-0.183523938351172,-0.13817370497041,
-0.0928234715896482,-0.0464117357948242,0.),.UNSPECIFIED.);
#91=B_SPLINE_CURVE_WITH_KNOTS('',3,(#4064,#4065,#4066,#4067,#4068,#4069),
 .UNSPECIFIED.,.F.,.F.,(4,2,4),(-0.0935719209448419,-0.0544519118588931,
0.),.UNSPECIFIED.);
#92=B_SPLINE_CURVE_WITH_KNOTS('',3,(#4073,#4074,#4075,#4076,#4077,#4078),
 .UNSPECIFIED.,.F.,.F.,(4,2,4),(0.39462907698811,0.449080988847003,0.488200997932952),
 .UNSPECIFIED.);
#93=B_SPLINE_CURVE_WITH_KNOTS('',3,(#4082,#4083,#4084,#4085,#4086,#4087,
#4088,#4089,#4090,#4091,#4092,#4093,#4094,#4095,#4096,#4097,#4098,#4099),
 .UNSPECIFIED.,.F.,.F.,(4,2,2,2,2,2,2,2,4),(-0.365910993638863,-0.319499257844039,
-0.273087522049215,-0.227737288668453,-0.182387055287691,-0.1373150035896,
-0.0922429518915084,-0.0461214759457542,0.),.UNSPECIFIED.);
#94=B_SPLINE_CURVE_WITH_KNOTS('',3,(#4103,#4104,#4105,#4106,#4107,#4108),
 .UNSPECIFIED.,.F.,.F.,(4,2,4),(-0.0682621455585114,-0.0536026892674455,
0.),.UNSPECIFIED.);
#95=B_SPLINE_CURVE_WITH_KNOTS('',3,(#4112,#4113,#4114,#4115,#4116,#4117,
#4118,#4119,#4120,#4121,#4122,#4123),.UNSPECIFIED.,.F.,.F.,(4,2,2,2,2,4),
(-0.490882939472242,-0.423858324537074,-0.356833709601906,-0.297906277763923,
-0.238978845925941,-0.229741103942563),.UNSPECIFIED.);
#96=B_SPLINE_CURVE_WITH_KNOTS('',3,(#4127,#4128,#4129,#4130,#4131,#4132,
#4133,#4134,#4135,#4136,#4137,#4138,#4139,#4140,#4141,#4142,#4143,#4144),
 .UNSPECIFIED.,.F.,.F.,(4,2,2,2,2,2,2,2,4),(-0.41400650050686,-0.409321159592977,
-0.350188951114613,-0.290910718580458,-0.231632486046302,-0.173629458951277,
-0.115626431856252,-0.0578132159281258,0.),.UNSPECIFIED.);
#97=B_SPLINE_CURVE_WITH_KNOTS('',3,(#4148,#4149,#4150,#4151,#4152,#4153,
#4154,#4155),.UNSPECIFIED.,.F.,.F.,(4,2,2,4),(-0.154646281769668,-0.12797487756669,
-0.0639874387833449,0.),.UNSPECIFIED.);
#98=B_SPLINE_CURVE_WITH_KNOTS('',3,(#4159,#4160,#4161,#4162,#4163,#4164,
#4165,#4166,#4167,#4168),.UNSPECIFIED.,.F.,.F.,(4,2,2,2,4),(0.491002102460681,
0.556871851798406,0.622741601136131,0.685075572881299,0.732167926074941),
 .UNSPECIFIED.);
#99=B_SPLINE_CURVE_WITH_KNOTS('',3,(#4172,#4173,#4174,#4175,#4176,#4177,
#4178,#4179,#4180,#4181,#4182,#4183,#4184,#4185,#4186,#4187,#4188,#4189),
 .UNSPECIFIED.,.F.,.F.,(4,2,2,2,2,2,2,2,4),(-0.421916389727081,-0.417367179325406,
-0.358192532460231,-0.296247879673885,-0.234303226887538,-0.174342757494026,
-0.114382288100514,-0.057191144050257,0.),.UNSPECIFIED.);
#100=B_SPLINE_CURVE_WITH_KNOTS('',3,(#4193,#4194,#4195,#4196),
 .UNSPECIFIED.,.F.,.F.,(4,4),(-0.0451405888142484,0.),.UNSPECIFIED.);
#101=B_SPLINE_CURVE_WITH_KNOTS('',3,(#4200,#4201,#4202,#4203,#4204,#4205,
#4206,#4207,#4208,#4209,#4210,#4211,#4212,#4213),.UNSPECIFIED.,.F.,.F.,
(4,2,2,2,2,2,4),(0.490613716945281,0.55255736142335,0.614501005901419,0.680383431579221,
0.746265857257023,0.80693117110191,0.814031071341262),.UNSPECIFIED.);
#102=B_SPLINE_CURVE_WITH_KNOTS('',3,(#4217,#4218,#4219,#4220,#4221,#4222,
#4223,#4224,#4225,#4226,#4227,#4228,#4229,#4230,#4231,#4232,#4233,#4234),
 .UNSPECIFIED.,.F.,.F.,(4,2,2,2,2,2,2,2,4),(-0.436272946375275,-0.432050547267146,
-0.372870116971609,-0.306591761581336,-0.240313406191064,-0.176767354662865,
-0.113221303134666,-0.0566106515673331,0.),.UNSPECIFIED.);
#103=B_SPLINE_CURVE_WITH_KNOTS('',3,(#4238,#4239,#4240,#4241),
 .UNSPECIFIED.,.F.,.F.,(4,4),(-0.0150742409236798,0.),.UNSPECIFIED.);
#104=B_SPLINE_CURVE_WITH_KNOTS('',3,(#4246,#4247,#4248,#4249,#4250,#4251,
#4252,#4253,#4254,#4255,#4256,#4257,#4258,#4259,#4260,#4261,#4262,#4263),
 .UNSPECIFIED.,.F.,.F.,(4,2,2,2,2,2,2,2,4),(-0.48883806697447,-0.430734320057258,
-0.372630573140047,-0.305954952412907,-0.239279331685768,-0.175113553009933,
-0.110947774334099,-0.0554738871670495,1.11022302462516E-16),
 .UNSPECIFIED.);
#105=B_SPLINE_CURVE_WITH_KNOTS('',3,(#4268,#4269,#4270,#4271,#4272,#4273,
#4274,#4275,#4276,#4277,#4278,#4279,#4280,#4281,#4282,#4283,#4284,#4285),
 .UNSPECIFIED.,.F.,.F.,(4,2,2,2,2,2,2,2,4),(-0.470906469590854,-0.413092192187497,
-0.35527791478414,-0.293593592586798,-0.231909270389455,-0.171992589935218,
-0.112075909480981,-0.0560379547404906,0.),.UNSPECIFIED.);
#106=B_SPLINE_CURVE_WITH_KNOTS('',3,(#4290,#4291,#4292,#4293,#4294,#4295,
#4296,#4297,#4298,#4299,#4300,#4301,#4302,#4303,#4304,#4305,#4306,#4307),
 .UNSPECIFIED.,.F.,.F.,(4,2,2,2,2,2,2,2,4),(-0.460547399974011,-0.402988341669653,
-0.345429283365294,-0.286770014791607,-0.22811074621792,-0.170542496943104,
-0.112974247668288,-0.0564871238341439,0.),.UNSPECIFIED.);
#107=B_SPLINE_CURVE_WITH_KNOTS('',3,(#4311,#4312,#4313,#4314,#4315,#4316,
#4317,#4318,#4319,#4320,#4321,#4322,#4323,#4324),.UNSPECIFIED.,.F.,.F.,
(4,2,2,2,2,2,4),(-0.324351172827324,-0.283773431315319,-0.226778309519316,
-0.170242720957042,-0.113707132394769,-0.0568535661973844,0.),
 .UNSPECIFIED.);
#108=B_SPLINE_CURVE_WITH_KNOTS('',3,(#4326,#4327,#4328,#4329,#4330,#4331,
#4332,#4333,#4334,#4335,#4336,#4337,#4338,#4339),.UNSPECIFIED.,.F.,.F.,
(4,2,2,2,2,2,4),(-0.455368884480302,-0.398515318282918,-0.341661752085533,
-0.28512616352326,-0.228590574960986,-0.171595453164983,-0.131017711652978),
 .UNSPECIFIED.);
#109=B_SPLINE_CURVE_WITH_KNOTS('',3,(#4342,#4343,#4344,#4345,#4346,#4347,
#4348,#4349,#4350,#4351,#4352,#4353,#4354,#4355),.UNSPECIFIED.,.F.,.F.,
(4,2,2,2,2,2,4),(-0.324351172827324,-0.283773431315319,-0.226778309519316,
-0.170242720957042,-0.113707132394769,-0.0568535661973845,0.),
 .UNSPECIFIED.);
#110=B_SPLINE_CURVE_WITH_KNOTS('',3,(#4360,#4361,#4362,#4363,#4364,#4365,
#4366,#4367,#4368,#4369,#4370,#4371,#4372,#4373,#4374,#4375,#4376,#4377),
 .UNSPECIFIED.,.F.,.F.,(4,2,2,2,2,2,2,2,4),(-0.48883806697447,-0.430734320057258,
-0.372630573140047,-0.305954952412907,-0.239279331685768,-0.175113553009933,
-0.110947774334099,-0.0554738871670496,0.),.UNSPECIFIED.);
#111=B_SPLINE_CURVE_WITH_KNOTS('',3,(#4380,#4381,#4382,#4383,#4384,#4385,
#4386,#4387,#4388,#4389,#4390,#4391,#4392,#4393,#4394,#4395,#4396,#4397),
 .UNSPECIFIED.,.F.,.F.,(4,2,2,2,2,2,2,2,4),(-0.48883806697447,-0.433364179807421,
-0.377890292640371,-0.313724513964537,-0.249558735288702,-0.182883114561563,
-0.116207493834424,-0.058103746917212,0.),.UNSPECIFIED.);
#112=B_SPLINE_CURVE_WITH_KNOTS('',3,(#4402,#4403,#4404,#4405,#4406,#4407,
#4408,#4409,#4410,#4411,#4412,#4413,#4414,#4415,#4416,#4417,#4418,#4419),
 .UNSPECIFIED.,.F.,.F.,(4,2,2,2,2,2,2,2,4),(-0.460547399974011,-0.404060276139867,
-0.347573152305723,-0.290004903030907,-0.232436653756091,-0.173777385182404,
-0.115118116608717,-0.0575590583043585,0.),.UNSPECIFIED.);
#113=B_SPLINE_CURVE_WITH_KNOTS('',3,(#4422,#4423,#4424,#4425,#4426,#4427,
#4428,#4429,#4430,#4431,#4432,#4433,#4434,#4435,#4436,#4437,#4438,#4439),
 .UNSPECIFIED.,.F.,.F.,(4,2,2,2,2,2,2,2,4),(-0.460547399974012,-0.402988341669653,
-0.345429283365295,-0.286770014791607,-0.22811074621792,-0.170542496943104,
-0.112974247668288,-0.056487123834144,0.),.UNSPECIFIED.);
#114=B_SPLINE_CURVE_WITH_KNOTS('',3,(#4444,#4445,#4446,#4447,#4448,#4449,
#4450,#4451,#4452,#4453,#4454,#4455,#4456,#4457,#4458,#4459,#4460,#4461),
 .UNSPECIFIED.,.F.,.F.,(4,2,2,2,2,2,2,2,4),(-0.470906469590854,-0.414868514850364,
-0.358830560109873,-0.298913879655636,-0.2389971992014,-0.177312877004057,
-0.115628554806714,-0.0578142774033572,0.),.UNSPECIFIED.);
#115=B_SPLINE_CURVE_WITH_KNOTS('',3,(#4464,#4465,#4466,#4467,#4468,#4469,
#4470,#4471,#4472,#4473,#4474,#4475,#4476,#4477,#4478,#4479,#4480,#4481),
 .UNSPECIFIED.,.F.,.F.,(4,2,2,2,2,2,2,2,4),(-0.470906469590855,-0.413092192187497,
-0.35527791478414,-0.293593592586798,-0.231909270389455,-0.171992589935218,
-0.112075909480981,-0.0560379547404907,0.),.UNSPECIFIED.);
#116=TOROIDAL_SURFACE('',#2424,34.481879286169,1.);
#117=TOROIDAL_SURFACE('',#2428,34.481879286169,1.);
#118=TOROIDAL_SURFACE('',#2668,20.75,0.5);
#119=PLANE('',#2419);
#120=PLANE('',#2420);
#121=PLANE('',#2427);
#122=PLANE('',#2431);
#123=PLANE('',#2507);
#124=PLANE('',#2510);
#125=PLANE('',#2513);
#126=PLANE('',#2516);
#127=PLANE('',#2519);
#128=PLANE('',#2523);
#129=PLANE('',#2526);
#130=PLANE('',#2530);
#131=PLANE('',#2533);
#132=PLANE('',#2537);
#133=PLANE('',#2540);
#134=PLANE('',#2544);
#135=PLANE('',#2547);
#136=PLANE('',#2551);
#137=PLANE('',#2554);
#138=PLANE('',#2558);
#139=PLANE('',#2561);
#140=PLANE('',#2565);
#141=PLANE('',#2568);
#142=PLANE('',#2572);
#143=PLANE('',#2582);
#144=PLANE('',#2589);
#145=PLANE('',#2592);
#146=PLANE('',#2595);
#147=PLANE('',#2598);
#148=PLANE('',#2601);
#149=PLANE('',#2604);
#150=PLANE('',#2607);
#151=PLANE('',#2610);
#152=PLANE('',#2613);
#153=PLANE('',#2618);
#154=PLANE('',#2621);
#155=PLANE('',#2622);
#156=PLANE('',#2625);
#157=PLANE('',#2628);
#158=PLANE('',#2631);
#159=PLANE('',#2636);
#160=PLANE('',#2639);
#161=PLANE('',#2640);
#162=PLANE('',#2645);
#163=PLANE('',#2646);
#164=PLANE('',#2649);
#165=PLANE('',#2652);
#166=PLANE('',#2655);
#167=PLANE('',#2656);
#168=PLANE('',#2659);
#169=PLANE('',#2662);
#170=PLANE('',#2665);
#171=PLANE('',#2673);
#172=FACE_OUTER_BOUND('',#280,.T.);
#173=FACE_OUTER_BOUND('',#281,.T.);
#174=FACE_OUTER_BOUND('',#282,.T.);
#175=FACE_OUTER_BOUND('',#283,.T.);
#176=FACE_OUTER_BOUND('',#284,.T.);
#177=FACE_OUTER_BOUND('',#285,.T.);
#178=FACE_OUTER_BOUND('',#286,.T.);
#179=FACE_OUTER_BOUND('',#287,.T.);
#180=FACE_OUTER_BOUND('',#288,.T.);
#181=FACE_OUTER_BOUND('',#292,.T.);
#182=FACE_OUTER_BOUND('',#293,.T.);
#183=FACE_OUTER_BOUND('',#294,.T.);
#184=FACE_OUTER_BOUND('',#295,.T.);
#185=FACE_OUTER_BOUND('',#296,.T.);
#186=FACE_OUTER_BOUND('',#297,.T.);
#187=FACE_OUTER_BOUND('',#298,.T.);
#188=FACE_OUTER_BOUND('',#299,.T.);
#189=FACE_OUTER_BOUND('',#300,.T.);
#190=FACE_OUTER_BOUND('',#301,.T.);
#191=FACE_OUTER_BOUND('',#302,.T.);
#192=FACE_OUTER_BOUND('',#303,.T.);
#193=FACE_OUTER_BOUND('',#304,.T.);
#194=FACE_OUTER_BOUND('',#305,.T.);
#195=FACE_OUTER_BOUND('',#306,.T.);
#196=FACE_OUTER_BOUND('',#307,.T.);
#197=FACE_OUTER_BOUND('',#308,.T.);
#198=FACE_OUTER_BOUND('',#309,.T.);
#199=FACE_OUTER_BOUND('',#310,.T.);
#200=FACE_OUTER_BOUND('',#311,.T.);
#201=FACE_OUTER_BOUND('',#312,.T.);
#202=FACE_OUTER_BOUND('',#313,.T.);
#203=FACE_OUTER_BOUND('',#314,.T.);
#204=FACE_OUTER_BOUND('',#315,.T.);
#205=FACE_OUTER_BOUND('',#316,.T.);
#206=FACE_OUTER_BOUND('',#317,.T.);
#207=FACE_OUTER_BOUND('',#318,.T.);
#208=FACE_OUTER_BOUND('',#319,.T.);
#209=FACE_OUTER_BOUND('',#320,.T.);
#210=FACE_OUTER_BOUND('',#321,.T.);
#211=FACE_OUTER_BOUND('',#322,.T.);
#212=FACE_OUTER_BOUND('',#323,.T.);
#213=FACE_OUTER_BOUND('',#324,.T.);
#214=FACE_OUTER_BOUND('',#325,.T.);
#215=FACE_OUTER_BOUND('',#326,.T.);
#216=FACE_OUTER_BOUND('',#327,.T.);
#217=FACE_OUTER_BOUND('',#328,.T.);
#218=FACE_OUTER_BOUND('',#329,.T.);
#219=FACE_OUTER_BOUND('',#330,.T.);
#220=FACE_OUTER_BOUND('',#332,.T.);
#221=FACE_OUTER_BOUND('',#333,.T.);
#222=FACE_OUTER_BOUND('',#334,.T.);
#223=FACE_OUTER_BOUND('',#335,.T.);
#224=FACE_OUTER_BOUND('',#336,.T.);
#225=FACE_OUTER_BOUND('',#337,.T.);
#226=FACE_OUTER_BOUND('',#338,.T.);
#227=FACE_OUTER_BOUND('',#339,.T.);
#228=FACE_OUTER_BOUND('',#340,.T.);
#229=FACE_OUTER_BOUND('',#341,.T.);
#230=FACE_OUTER_BOUND('',#342,.T.);
#231=FACE_OUTER_BOUND('',#343,.T.);
#232=FACE_OUTER_BOUND('',#344,.T.);
#233=FACE_OUTER_BOUND('',#345,.T.);
#234=FACE_OUTER_BOUND('',#346,.T.);
#235=FACE_OUTER_BOUND('',#347,.T.);
#236=FACE_OUTER_BOUND('',#348,.T.);
#237=FACE_OUTER_BOUND('',#349,.T.);
#238=FACE_OUTER_BOUND('',#350,.T.);
#239=FACE_OUTER_BOUND('',#351,.T.);
#240=FACE_OUTER_BOUND('',#352,.T.);
#241=FACE_OUTER_BOUND('',#353,.T.);
#242=FACE_OUTER_BOUND('',#354,.T.);
#243=FACE_OUTER_BOUND('',#355,.T.);
#244=FACE_OUTER_BOUND('',#356,.T.);
#245=FACE_OUTER_BOUND('',#357,.T.);
#246=FACE_OUTER_BOUND('',#358,.T.);
#247=FACE_OUTER_BOUND('',#359,.T.);
#248=FACE_OUTER_BOUND('',#360,.T.);
#249=FACE_OUTER_BOUND('',#361,.T.);
#250=FACE_OUTER_BOUND('',#362,.T.);
#251=FACE_OUTER_BOUND('',#363,.T.);
#252=FACE_OUTER_BOUND('',#364,.T.);
#253=FACE_OUTER_BOUND('',#365,.T.);
#254=FACE_OUTER_BOUND('',#366,.T.);
#255=FACE_OUTER_BOUND('',#367,.T.);
#256=FACE_OUTER_BOUND('',#368,.T.);
#257=FACE_OUTER_BOUND('',#369,.T.);
#258=FACE_OUTER_BOUND('',#370,.T.);
#259=FACE_OUTER_BOUND('',#371,.T.);
#260=FACE_OUTER_BOUND('',#372,.T.);
#261=FACE_OUTER_BOUND('',#373,.T.);
#262=FACE_OUTER_BOUND('',#374,.T.);
#263=FACE_OUTER_BOUND('',#375,.T.);
#264=FACE_OUTER_BOUND('',#376,.T.);
#265=FACE_OUTER_BOUND('',#377,.T.);
#266=FACE_OUTER_BOUND('',#378,.T.);
#267=FACE_OUTER_BOUND('',#379,.T.);
#268=FACE_OUTER_BOUND('',#380,.T.);
#269=FACE_OUTER_BOUND('',#381,.T.);
#270=FACE_OUTER_BOUND('',#382,.T.);
#271=FACE_OUTER_BOUND('',#383,.T.);
#272=FACE_OUTER_BOUND('',#384,.T.);
#273=FACE_OUTER_BOUND('',#385,.T.);
#274=FACE_OUTER_BOUND('',#386,.T.);
#275=FACE_OUTER_BOUND('',#387,.T.);
#276=FACE_OUTER_BOUND('',#388,.T.);
#277=FACE_OUTER_BOUND('',#389,.T.);
#278=FACE_OUTER_BOUND('',#390,.T.);
#279=FACE_OUTER_BOUND('',#391,.T.);
#280=EDGE_LOOP('',(#1496,#1497,#1498,#1499));
#281=EDGE_LOOP('',(#1500,#1501,#1502,#1503));
#282=EDGE_LOOP('',(#1504,#1505,#1506,#1507,#1508,#1509,#1510,#1511));
#283=EDGE_LOOP('',(#1512,#1513,#1514,#1515));
#284=EDGE_LOOP('',(#1516,#1517,#1518,#1519));
#285=EDGE_LOOP('',(#1520,#1521,#1522,#1523));
#286=EDGE_LOOP('',(#1524,#1525,#1526,#1527));
#287=EDGE_LOOP('',(#1528,#1529,#1530,#1531));
#288=EDGE_LOOP('',(#1532,#1533,#1534,#1535,#1536,#1537,#1538,#1539,#1540,
#1541,#1542,#1543,#1544,#1545,#1546,#1547,#1548,#1549,#1550,#1551,#1552,
#1553,#1554,#1555,#1556,#1557,#1558,#1559,#1560,#1561,#1562,#1563,#1564,
#1565,#1566,#1567,#1568,#1569,#1570,#1571,#1572,#1573,#1574,#1575,#1576,
#1577,#1578,#1579,#1580,#1581,#1582,#1583,#1584,#1585,#1586,#1587,#1588,
#1589,#1590,#1591,#1592,#1593,#1594,#1595,#1596,#1597,#1598,#1599,#1600,
#1601,#1602,#1603,#1604,#1605,#1606,#1607,#1608,#1609,#1610,#1611,#1612,
#1613,#1614,#1615,#1616,#1617,#1618,#1619,#1620,#1621,#1622,#1623,#1624,
#1625,#1626,#1627,#1628,#1629,#1630,#1631,#1632,#1633,#1634,#1635,#1636,
#1637,#1638,#1639,#1640,#1641,#1642,#1643,#1644,#1645,#1646,#1647,#1648,
#1649,#1650,#1651,#1652,#1653,#1654,#1655,#1656,#1657,#1658,#1659,#1660,
#1661,#1662,#1663));
#289=EDGE_LOOP('',(#1664,#1665,#1666,#1667));
#290=EDGE_LOOP('',(#1668,#1669,#1670,#1671));
#291=EDGE_LOOP('',(#1672,#1673,#1674,#1675));
#292=EDGE_LOOP('',(#1676,#1677,#1678,#1679));
#293=EDGE_LOOP('',(#1680,#1681,#1682,#1683));
#294=EDGE_LOOP('',(#1684,#1685,#1686,#1687));
#295=EDGE_LOOP('',(#1688,#1689,#1690,#1691));
#296=EDGE_LOOP('',(#1692,#1693,#1694,#1695));
#297=EDGE_LOOP('',(#1696,#1697,#1698,#1699));
#298=EDGE_LOOP('',(#1700,#1701,#1702,#1703,#1704,#1705,#1706,#1707));
#299=EDGE_LOOP('',(#1708,#1709,#1710,#1711,#1712));
#300=EDGE_LOOP('',(#1713,#1714,#1715,#1716));
#301=EDGE_LOOP('',(#1717,#1718,#1719,#1720,#1721,#1722));
#302=EDGE_LOOP('',(#1723,#1724,#1725,#1726));
#303=EDGE_LOOP('',(#1727,#1728,#1729,#1730));
#304=EDGE_LOOP('',(#1731,#1732,#1733,#1734));
#305=EDGE_LOOP('',(#1735,#1736,#1737,#1738,#1739,#1740));
#306=EDGE_LOOP('',(#1741,#1742,#1743,#1744));
#307=EDGE_LOOP('',(#1745,#1746,#1747,#1748));
#308=EDGE_LOOP('',(#1749,#1750,#1751,#1752));
#309=EDGE_LOOP('',(#1753,#1754,#1755,#1756,#1757,#1758));
#310=EDGE_LOOP('',(#1759,#1760,#1761,#1762));
#311=EDGE_LOOP('',(#1763,#1764,#1765,#1766));
#312=EDGE_LOOP('',(#1767,#1768,#1769,#1770));
#313=EDGE_LOOP('',(#1771,#1772,#1773,#1774,#1775,#1776));
#314=EDGE_LOOP('',(#1777,#1778,#1779,#1780));
#315=EDGE_LOOP('',(#1781,#1782,#1783,#1784));
#316=EDGE_LOOP('',(#1785,#1786,#1787,#1788));
#317=EDGE_LOOP('',(#1789,#1790,#1791,#1792,#1793,#1794));
#318=EDGE_LOOP('',(#1795,#1796,#1797,#1798));
#319=EDGE_LOOP('',(#1799,#1800,#1801,#1802));
#320=EDGE_LOOP('',(#1803,#1804,#1805,#1806));
#321=EDGE_LOOP('',(#1807,#1808,#1809,#1810,#1811,#1812));
#322=EDGE_LOOP('',(#1813,#1814,#1815,#1816));
#323=EDGE_LOOP('',(#1817,#1818,#1819,#1820));
#324=EDGE_LOOP('',(#1821,#1822,#1823,#1824));
#325=EDGE_LOOP('',(#1825,#1826,#1827,#1828,#1829,#1830));
#326=EDGE_LOOP('',(#1831,#1832,#1833,#1834));
#327=EDGE_LOOP('',(#1835,#1836,#1837,#1838));
#328=EDGE_LOOP('',(#1839,#1840,#1841,#1842));
#329=EDGE_LOOP('',(#1843,#1844,#1845,#1846,#1847,#1848));
#330=EDGE_LOOP('',(#1849));
#331=EDGE_LOOP('',(#1850,#1851,#1852,#1853,#1854,#1855,#1856,#1857,#1858,
#1859,#1860,#1861,#1862,#1863,#1864,#1865,#1866,#1867,#1868,#1869,#1870,
#1871,#1872,#1873,#1874,#1875,#1876,#1877,#1878,#1879,#1880,#1881,#1882));
#332=EDGE_LOOP('',(#1883,#1884,#1885,#1886));
#333=EDGE_LOOP('',(#1887,#1888,#1889,#1890,#1891,#1892));
#334=EDGE_LOOP('',(#1893,#1894,#1895,#1896));
#335=EDGE_LOOP('',(#1897,#1898,#1899,#1900,#1901));
#336=EDGE_LOOP('',(#1902,#1903,#1904,#1905,#1906));
#337=EDGE_LOOP('',(#1907,#1908,#1909,#1910));
#338=EDGE_LOOP('',(#1911,#1912,#1913,#1914,#1915));
#339=EDGE_LOOP('',(#1916,#1917,#1918,#1919));
#340=EDGE_LOOP('',(#1920,#1921,#1922,#1923,#1924));
#341=EDGE_LOOP('',(#1925,#1926,#1927,#1928));
#342=EDGE_LOOP('',(#1929,#1930,#1931,#1932));
#343=EDGE_LOOP('',(#1933,#1934,#1935,#1936));
#344=EDGE_LOOP('',(#1937,#1938,#1939,#1940));
#345=EDGE_LOOP('',(#1941,#1942,#1943,#1944,#1945,#1946));
#346=EDGE_LOOP('',(#1947,#1948,#1949,#1950));
#347=EDGE_LOOP('',(#1951,#1952,#1953,#1954));
#348=EDGE_LOOP('',(#1955,#1956,#1957,#1958));
#349=EDGE_LOOP('',(#1959,#1960,#1961,#1962,#1963,#1964));
#350=EDGE_LOOP('',(#1965,#1966,#1967,#1968));
#351=EDGE_LOOP('',(#1969,#1970,#1971,#1972));
#352=EDGE_LOOP('',(#1973,#1974,#1975,#1976));
#353=EDGE_LOOP('',(#1977,#1978,#1979,#1980));
#354=EDGE_LOOP('',(#1981,#1982,#1983,#1984,#1985,#1986));
#355=EDGE_LOOP('',(#1987,#1988,#1989,#1990));
#356=EDGE_LOOP('',(#1991,#1992,#1993,#1994));
#357=EDGE_LOOP('',(#1995,#1996,#1997,#1998));
#358=EDGE_LOOP('',(#1999,#2000,#2001,#2002));
#359=EDGE_LOOP('',(#2003,#2004,#2005,#2006,#2007,#2008));
#360=EDGE_LOOP('',(#2009,#2010,#2011,#2012));
#361=EDGE_LOOP('',(#2013,#2014,#2015,#2016));
#362=EDGE_LOOP('',(#2017,#2018,#2019,#2020));
#363=EDGE_LOOP('',(#2021,#2022,#2023,#2024,#2025,#2026));
#364=EDGE_LOOP('',(#2027,#2028,#2029,#2030));
#365=EDGE_LOOP('',(#2031,#2032,#2033,#2034));
#366=EDGE_LOOP('',(#2035,#2036,#2037,#2038,#2039,#2040));
#367=EDGE_LOOP('',(#2041,#2042,#2043,#2044));
#368=EDGE_LOOP('',(#2045,#2046,#2047,#2048));
#369=EDGE_LOOP('',(#2049,#2050,#2051,#2052));
#370=EDGE_LOOP('',(#2053,#2054,#2055,#2056));
#371=EDGE_LOOP('',(#2057,#2058,#2059,#2060));
#372=EDGE_LOOP('',(#2061,#2062,#2063,#2064));
#373=EDGE_LOOP('',(#2065,#2066,#2067,#2068));
#374=EDGE_LOOP('',(#2069,#2070,#2071,#2072));
#375=EDGE_LOOP('',(#2073,#2074,#2075,#2076,#2077));
#376=EDGE_LOOP('',(#2078,#2079,#2080,#2081));
#377=EDGE_LOOP('',(#2082,#2083,#2084,#2085));
#378=EDGE_LOOP('',(#2086,#2087,#2088,#2089));
#379=EDGE_LOOP('',(#2090,#2091,#2092,#2093,#2094,#2095));
#380=EDGE_LOOP('',(#2096,#2097,#2098,#2099));
#381=EDGE_LOOP('',(#2100,#2101,#2102,#2103,#2104));
#382=EDGE_LOOP('',(#2105,#2106,#2107,#2108,#2109));
#383=EDGE_LOOP('',(#2110,#2111,#2112,#2113,#2114));
#384=EDGE_LOOP('',(#2115,#2116,#2117,#2118));
#385=EDGE_LOOP('',(#2119,#2120,#2121,#2122,#2123));
#386=EDGE_LOOP('',(#2124,#2125,#2126,#2127));
#387=EDGE_LOOP('',(#2128,#2129,#2130,#2131,#2132));
#388=EDGE_LOOP('',(#2133,#2134,#2135,#2136));
#389=EDGE_LOOP('',(#2137,#2138,#2139,#2140));
#390=EDGE_LOOP('',(#2141,#2142,#2143,#2144));
#391=EDGE_LOOP('',(#2145));
#392=EDGE_LOOP('',(#2146,#2147,#2148,#2149));
#393=EDGE_LOOP('',(#2150,#2151,#2152,#2153));
#394=EDGE_LOOP('',(#2154,#2155,#2156,#2157));
#395=EDGE_LOOP('',(#2158,#2159,#2160,#2161));
#396=EDGE_LOOP('',(#2162,#2163,#2164,#2165));
#397=EDGE_LOOP('',(#2166,#2167,#2168,#2169));
#398=EDGE_LOOP('',(#2170,#2171,#2172,#2173));
#399=EDGE_LOOP('',(#2174,#2175,#2176,#2177));
#400=EDGE_LOOP('',(#2178,#2179,#2180,#2181));
#401=EDGE_LOOP('',(#2182,#2183,#2184,#2185));
#402=EDGE_LOOP('',(#2186,#2187,#2188,#2189));
#403=EDGE_LOOP('',(#2190,#2191,#2192,#2193));
#404=EDGE_LOOP('',(#2194,#2195,#2196,#2197));
#405=EDGE_LOOP('',(#2198,#2199,#2200,#2201));
#406=EDGE_LOOP('',(#2202,#2203,#2204,#2205));
#407=EDGE_LOOP('',(#2206,#2207,#2208,#2209));
#408=EDGE_LOOP('',(#2210,#2211,#2212,#2213));
#409=EDGE_LOOP('',(#2214,#2215,#2216,#2217));
#410=EDGE_LOOP('',(#2218,#2219,#2220,#2221));
#411=EDGE_LOOP('',(#2222,#2223,#2224,#2225));
#412=EDGE_LOOP('',(#2226,#2227,#2228,#2229));
#413=EDGE_LOOP('',(#2230,#2231,#2232,#2233));
#414=EDGE_LOOP('',(#2234,#2235,#2236,#2237));
#415=EDGE_LOOP('',(#2238,#2239,#2240,#2241));
#416=LINE('',#3359,#571);
#417=LINE('',#3362,#572);
#418=LINE('',#3365,#573);
#419=LINE('',#3367,#574);
#420=LINE('',#3368,#575);
#421=LINE('',#3371,#576);
#422=LINE('',#3373,#577);
#423=LINE('',#3375,#578);
#424=LINE('',#3377,#579);
#425=LINE('',#3379,#580);
#426=LINE('',#3383,#581);
#427=LINE('',#3421,#582);
#428=LINE('',#3458,#583);
#429=LINE('',#4484,#584);
#430=LINE('',#4486,#585);
#431=LINE('',#4487,#586);
#432=LINE('',#4490,#587);
#433=LINE('',#4494,#588);
#434=LINE('',#4496,#589);
#435=LINE('',#4497,#590);
#436=LINE('',#4500,#591);
#437=LINE('',#4504,#592);
#438=LINE('',#4506,#593);
#439=LINE('',#4507,#594);
#440=LINE('',#4510,#595);
#441=LINE('',#4514,#596);
#442=LINE('',#4516,#597);
#443=LINE('',#4517,#598);
#444=LINE('',#4520,#599);
#445=LINE('',#4524,#600);
#446=LINE('',#4526,#601);
#447=LINE('',#4527,#602);
#448=LINE('',#4531,#603);
#449=LINE('',#4535,#604);
#450=LINE('',#4537,#605);
#451=LINE('',#4538,#606);
#452=LINE('',#4541,#607);
#453=LINE('',#4545,#608);
#454=LINE('',#4546,#609);
#455=LINE('',#4552,#610);
#456=LINE('',#4554,#611);
#457=LINE('',#4555,#612);
#458=LINE('',#4558,#613);
#459=LINE('',#4562,#614);
#460=LINE('',#4563,#615);
#461=LINE('',#4569,#616);
#462=LINE('',#4571,#617);
#463=LINE('',#4572,#618);
#464=LINE('',#4575,#619);
#465=LINE('',#4579,#620);
#466=LINE('',#4580,#621);
#467=LINE('',#4586,#622);
#468=LINE('',#4588,#623);
#469=LINE('',#4589,#624);
#470=LINE('',#4592,#625);
#471=LINE('',#4596,#626);
#472=LINE('',#4597,#627);
#473=LINE('',#4603,#628);
#474=LINE('',#4605,#629);
#475=LINE('',#4606,#630);
#476=LINE('',#4609,#631);
#477=LINE('',#4613,#632);
#478=LINE('',#4614,#633);
#479=LINE('',#4620,#634);
#480=LINE('',#4622,#635);
#481=LINE('',#4623,#636);
#482=LINE('',#4626,#637);
#483=LINE('',#4630,#638);
#484=LINE('',#4631,#639);
#485=LINE('',#4637,#640);
#486=LINE('',#4639,#641);
#487=LINE('',#4640,#642);
#488=LINE('',#4643,#643);
#489=LINE('',#4647,#644);
#490=LINE('',#4648,#645);
#491=LINE('',#4665,#646);
#492=LINE('',#4667,#647);
#493=LINE('',#4668,#648);
#494=LINE('',#4672,#649);
#495=LINE('',#4675,#650);
#496=LINE('',#4679,#651);
#497=LINE('',#4683,#652);
#498=LINE('',#4685,#653);
#499=LINE('',#4686,#654);
#500=LINE('',#4689,#655);
#501=LINE('',#4693,#656);
#502=LINE('',#4695,#657);
#503=LINE('',#4696,#658);
#504=LINE('',#4699,#659);
#505=LINE('',#4703,#660);
#506=LINE('',#4705,#661);
#507=LINE('',#4706,#662);
#508=LINE('',#4709,#663);
#509=LINE('',#4713,#664);
#510=LINE('',#4715,#665);
#511=LINE('',#4716,#666);
#512=LINE('',#4720,#667);
#513=LINE('',#4723,#668);
#514=LINE('',#4724,#669);
#515=LINE('',#4729,#670);
#516=LINE('',#4731,#671);
#517=LINE('',#4732,#672);
#518=LINE('',#4736,#673);
#519=LINE('',#4739,#674);
#520=LINE('',#4740,#675);
#521=LINE('',#4745,#676);
#522=LINE('',#4746,#677);
#523=LINE('',#4751,#678);
#524=LINE('',#4752,#679);
#525=LINE('',#4757,#680);
#526=LINE('',#4760,#681);
#527=LINE('',#4763,#682);
#528=LINE('',#4764,#683);
#529=LINE('',#4768,#684);
#530=LINE('',#4770,#685);
#531=LINE('',#4773,#686);
#532=LINE('',#4775,#687);
#533=LINE('',#4776,#688);
#534=LINE('',#4780,#689);
#535=LINE('',#4783,#690);
#536=LINE('',#4784,#691);
#537=LINE('',#4789,#692);
#538=LINE('',#4791,#693);
#539=LINE('',#4792,#694);
#540=LINE('',#4796,#695);
#541=LINE('',#4799,#696);
#542=LINE('',#4800,#697);
#543=LINE('',#4805,#698);
#544=LINE('',#4808,#699);
#545=LINE('',#4811,#700);
#546=LINE('',#4812,#701);
#547=LINE('',#4816,#702);
#548=LINE('',#4818,#703);
#549=LINE('',#4821,#704);
#550=LINE('',#4822,#705);
#551=LINE('',#4828,#706);
#552=LINE('',#4830,#707);
#553=LINE('',#4833,#708);
#554=LINE('',#4834,#709);
#555=LINE('',#4839,#710);
#556=LINE('',#4841,#711);
#557=LINE('',#4842,#712);
#558=LINE('',#4846,#713);
#559=LINE('',#4849,#714);
#560=LINE('',#4850,#715);
#561=LINE('',#4854,#716);
#562=LINE('',#4857,#717);
#563=LINE('',#4858,#718);
#564=LINE('',#4863,#719);
#565=LINE('',#4864,#720);
#566=LINE('',#4869,#721);
#567=LINE('',#4870,#722);
#568=LINE('',#4875,#723);
#569=LINE('',#4876,#724);
#570=LINE('',#4886,#725);
#571=VECTOR('',#2683,10.);
#572=VECTOR('',#2686,10.);
#573=VECTOR('',#2689,10.);
#574=VECTOR('',#2690,10.);
#575=VECTOR('',#2691,10.);
#576=VECTOR('',#2694,10.);
#577=VECTOR('',#2695,10.);
#578=VECTOR('',#2696,10.);
#579=VECTOR('',#2697,10.);
#580=VECTOR('',#2698,10.);
#581=VECTOR('',#2703,10.);
#582=VECTOR('',#2714,10.);
#583=VECTOR('',#2723,10.);
#584=VECTOR('',#2876,10.);
#585=VECTOR('',#2877,10.);
#586=VECTOR('',#2878,10.);
#587=VECTOR('',#2881,10.);
#588=VECTOR('',#2886,10.);
#589=VECTOR('',#2887,10.);
#590=VECTOR('',#2888,10.);
#591=VECTOR('',#2891,10.);
#592=VECTOR('',#2896,10.);
#593=VECTOR('',#2897,10.);
#594=VECTOR('',#2898,10.);
#595=VECTOR('',#2901,10.);
#596=VECTOR('',#2906,10.);
#597=VECTOR('',#2907,10.);
#598=VECTOR('',#2908,10.);
#599=VECTOR('',#2911,10.);
#600=VECTOR('',#2916,10.);
#601=VECTOR('',#2917,10.);
#602=VECTOR('',#2918,10.);
#603=VECTOR('',#2923,10.);
#604=VECTOR('',#2928,10.);
#605=VECTOR('',#2929,10.);
#606=VECTOR('',#2930,10.);
#607=VECTOR('',#2933,10.);
#608=VECTOR('',#2938,10.);
#609=VECTOR('',#2939,10.);
#610=VECTOR('',#2948,10.);
#611=VECTOR('',#2949,10.);
#612=VECTOR('',#2950,10.);
#613=VECTOR('',#2953,10.);
#614=VECTOR('',#2958,10.);
#615=VECTOR('',#2959,10.);
#616=VECTOR('',#2968,10.);
#617=VECTOR('',#2969,10.);
#618=VECTOR('',#2970,10.);
#619=VECTOR('',#2973,10.);
#620=VECTOR('',#2978,10.);
#621=VECTOR('',#2979,10.);
#622=VECTOR('',#2988,10.);
#623=VECTOR('',#2989,10.);
#624=VECTOR('',#2990,10.);
#625=VECTOR('',#2993,10.);
#626=VECTOR('',#2998,10.);
#627=VECTOR('',#2999,10.);
#628=VECTOR('',#3008,10.);
#629=VECTOR('',#3009,10.);
#630=VECTOR('',#3010,10.);
#631=VECTOR('',#3013,10.);
#632=VECTOR('',#3018,10.);
#633=VECTOR('',#3019,10.);
#634=VECTOR('',#3028,10.);
#635=VECTOR('',#3029,10.);
#636=VECTOR('',#3030,10.);
#637=VECTOR('',#3033,10.);
#638=VECTOR('',#3038,10.);
#639=VECTOR('',#3039,10.);
#640=VECTOR('',#3048,10.);
#641=VECTOR('',#3049,10.);
#642=VECTOR('',#3050,10.);
#643=VECTOR('',#3053,10.);
#644=VECTOR('',#3058,10.);
#645=VECTOR('',#3059,10.);
#646=VECTOR('',#3088,10.);
#647=VECTOR('',#3089,10.);
#648=VECTOR('',#3090,10.);
#649=VECTOR('',#3095,10.);
#650=VECTOR('',#3098,10.);
#651=VECTOR('',#3103,10.);
#652=VECTOR('',#3108,10.);
#653=VECTOR('',#3109,10.);
#654=VECTOR('',#3110,10.);
#655=VECTOR('',#3113,10.);
#656=VECTOR('',#3118,10.);
#657=VECTOR('',#3119,10.);
#658=VECTOR('',#3120,10.);
#659=VECTOR('',#3123,10.);
#660=VECTOR('',#3128,10.);
#661=VECTOR('',#3129,10.);
#662=VECTOR('',#3130,10.);
#663=VECTOR('',#3133,10.);
#664=VECTOR('',#3138,10.);
#665=VECTOR('',#3139,10.);
#666=VECTOR('',#3140,10.);
#667=VECTOR('',#3145,10.);
#668=VECTOR('',#3148,10.);
#669=VECTOR('',#3149,10.);
#670=VECTOR('',#3156,10.);
#671=VECTOR('',#3157,10.);
#672=VECTOR('',#3158,10.);
#673=VECTOR('',#3163,10.);
#674=VECTOR('',#3166,10.);
#675=VECTOR('',#3167,10.);
#676=VECTOR('',#3174,10.);
#677=VECTOR('',#3175,10.);
#678=VECTOR('',#3182,10.);
#679=VECTOR('',#3183,10.);
#680=VECTOR('',#3190,10.);
#681=VECTOR('',#3193,10.);
#682=VECTOR('',#3196,10.);
#683=VECTOR('',#3197,10.);
#684=VECTOR('',#3202,10.);
#685=VECTOR('',#3205,10.);
#686=VECTOR('',#3208,10.);
#687=VECTOR('',#3209,10.);
#688=VECTOR('',#3210,10.);
#689=VECTOR('',#3215,10.);
#690=VECTOR('',#3218,10.);
#691=VECTOR('',#3219,10.);
#692=VECTOR('',#3226,10.);
#693=VECTOR('',#3227,10.);
#694=VECTOR('',#3228,10.);
#695=VECTOR('',#3233,10.);
#696=VECTOR('',#3236,10.);
#697=VECTOR('',#3237,10.);
#698=VECTOR('',#3244,10.);
#699=VECTOR('',#3247,10.);
#700=VECTOR('',#3250,10.);
#701=VECTOR('',#3251,10.);
#702=VECTOR('',#3256,10.);
#703=VECTOR('',#3259,10.);
#704=VECTOR('',#3262,10.);
#705=VECTOR('',#3263,10.);
#706=VECTOR('',#3272,10.);
#707=VECTOR('',#3275,10.);
#708=VECTOR('',#3278,10.);
#709=VECTOR('',#3279,10.);
#710=VECTOR('',#3286,10.);
#711=VECTOR('',#3287,10.);
#712=VECTOR('',#3288,10.);
#713=VECTOR('',#3293,10.);
#714=VECTOR('',#3296,10.);
#715=VECTOR('',#3297,10.);
#716=VECTOR('',#3304,10.);
#717=VECTOR('',#3307,10.);
#718=VECTOR('',#3308,10.);
#719=VECTOR('',#3315,10.);
#720=VECTOR('',#3316,10.);
#721=VECTOR('',#3323,10.);
#722=VECTOR('',#3324,10.);
#723=VECTOR('',#3331,10.);
#724=VECTOR('',#3332,10.);
#725=VECTOR('',#3347,21.25);
#726=CIRCLE('',#2417,2.);
#727=CIRCLE('',#2418,2.);
#728=CIRCLE('',#2421,2.);
#729=CIRCLE('',#2423,2.);
#730=CIRCLE('',#2425,35.4670758372024);
#731=CIRCLE('',#2426,34.481879286169);
#732=CIRCLE('',#2429,35.4670758372024);
#733=CIRCLE('',#2430,34.481879286169);
#734=CIRCLE('',#2433,35.6510869002444);
#735=CIRCLE('',#2434,36.);
#736=CIRCLE('',#2435,35.3773310521956);
#737=CIRCLE('',#2436,34.6778827220155);
#738=CIRCLE('',#2437,36.);
#739=CIRCLE('',#2438,34.1695119975601);
#740=CIRCLE('',#2439,33.0235604900409);
#741=CIRCLE('',#2440,36.);
#742=CIRCLE('',#2441,32.2490308749055);
#743=CIRCLE('',#2442,30.5777695269188);
#744=CIRCLE('',#2443,36.);
#745=CIRCLE('',#2444,19.8997478435585);
#746=CIRCLE('',#2445,31.9095943805289);
#747=CIRCLE('',#2446,33.3049878410802);
#748=CIRCLE('',#2447,19.8997478435585);
#749=CIRCLE('',#2448,33.9411254047581);
#750=CIRCLE('',#2449,34.8568500485361);
#751=CIRCLE('',#2450,19.8997478435585);
#752=CIRCLE('',#2451,35.2451729801059);
#753=CIRCLE('',#2452,35.7382458993473);
#754=CIRCLE('',#2453,19.8997478435585);
#755=CIRCLE('',#2454,35.8747822255659);
#756=CIRCLE('',#2455,35.9949996519844);
#757=CIRCLE('',#2456,19.8997478435585);
#758=CIRCLE('',#2457,35.9949996519844);
#759=CIRCLE('',#2458,35.8747822255659);
#760=CIRCLE('',#2459,19.8997478435585);
#761=CIRCLE('',#2460,35.7382458993473);
#762=CIRCLE('',#2461,35.2451729801059);
#763=CIRCLE('',#2462,19.8997478435585);
#764=CIRCLE('',#2463,34.8568500485361);
#765=CIRCLE('',#2464,33.9411254047581);
#766=CIRCLE('',#2465,19.8997478435585);
#767=CIRCLE('',#2466,33.3049878410802);
#768=CIRCLE('',#2467,31.9095943805289);
#769=CIRCLE('',#2468,19.8997478435585);
#770=CIRCLE('',#2469,31.9095943805289);
#771=CIRCLE('',#2470,33.3049878410802);
#772=CIRCLE('',#2471,19.8997478435585);
#773=CIRCLE('',#2472,33.9411254047581);
#774=CIRCLE('',#2473,34.8568500485361);
#775=CIRCLE('',#2474,19.8997478435585);
#776=CIRCLE('',#2475,35.2451729801059);
#777=CIRCLE('',#2476,35.7382458993473);
#778=CIRCLE('',#2477,19.8997478435585);
#779=CIRCLE('',#2478,35.8747822255659);
#780=CIRCLE('',#2479,35.9949996519844);
#781=CIRCLE('',#2480,19.8997478435585);
#782=CIRCLE('',#2481,35.9949996519844);
#783=CIRCLE('',#2482,35.8747822255659);
#784=CIRCLE('',#2483,19.8997478435585);
#785=CIRCLE('',#2484,35.7382458993473);
#786=CIRCLE('',#2485,35.2451729801059);
#787=CIRCLE('',#2486,19.8997478435585);
#788=CIRCLE('',#2487,34.8568500485361);
#789=CIRCLE('',#2488,33.9411254047581);
#790=CIRCLE('',#2489,19.8997478435585);
#791=CIRCLE('',#2490,33.3049878410802);
#792=CIRCLE('',#2491,31.9095943805289);
#793=CIRCLE('',#2492,19.8997478435585);
#794=CIRCLE('',#2493,30.5777695269188);
#795=CIRCLE('',#2494,32.2490308749055);
#796=CIRCLE('',#2495,33.0235604900409);
#797=CIRCLE('',#2496,34.1695119975601);
#798=CIRCLE('',#2497,34.6778827220155);
#799=CIRCLE('',#2498,35.3773310521956);
#800=CIRCLE('',#2499,35.6510869002444);
#801=CIRCLE('',#2500,35.6510869002444);
#802=CIRCLE('',#2501,30.5777695269188);
#803=CIRCLE('',#2502,32.2490308749055);
#804=CIRCLE('',#2503,35.3773310521956);
#805=CIRCLE('',#2504,34.6778827220155);
#806=CIRCLE('',#2505,34.1695119975601);
#807=CIRCLE('',#2506,33.0235604900409);
#808=CIRCLE('',#2509,1.50000002235174);
#809=CIRCLE('',#2512,1.50000002235174);
#810=CIRCLE('',#2515,1.50000002235174);
#811=CIRCLE('',#2518,1.50000002235174);
#812=CIRCLE('',#2521,1.5);
#813=CIRCLE('',#2522,1.5);
#814=CIRCLE('',#2525,1.52499999590218);
#815=CIRCLE('',#2528,1.5);
#816=CIRCLE('',#2529,1.5);
#817=CIRCLE('',#2532,1.52499999590218);
#818=CIRCLE('',#2535,1.5);
#819=CIRCLE('',#2536,1.5);
#820=CIRCLE('',#2539,1.2);
#821=CIRCLE('',#2542,1.2);
#822=CIRCLE('',#2543,1.2);
#823=CIRCLE('',#2546,1.2);
#824=CIRCLE('',#2549,1.2);
#825=CIRCLE('',#2550,1.2);
#826=CIRCLE('',#2553,1.52499999590218);
#827=CIRCLE('',#2556,1.5);
#828=CIRCLE('',#2557,1.5);
#829=CIRCLE('',#2560,1.52499999590218);
#830=CIRCLE('',#2563,1.5);
#831=CIRCLE('',#2564,1.5);
#832=CIRCLE('',#2567,1.52500002663583);
#833=CIRCLE('',#2570,1.5);
#834=CIRCLE('',#2571,1.5);
#835=CIRCLE('',#2573,21.25);
#836=CIRCLE('',#2574,1.5);
#837=CIRCLE('',#2575,1.5);
#838=CIRCLE('',#2576,1.5);
#839=CIRCLE('',#2577,1.2);
#840=CIRCLE('',#2578,1.2);
#841=CIRCLE('',#2579,1.5);
#842=CIRCLE('',#2580,1.5);
#843=CIRCLE('',#2581,1.5);
#844=CIRCLE('',#2584,1.5);
#845=CIRCLE('',#2586,1.52500002663583);
#846=CIRCLE('',#2588,1.50000002235174);
#847=CIRCLE('',#2591,1.50000002235174);
#848=CIRCLE('',#2594,1.50000002235174);
#849=CIRCLE('',#2597,1.50000002235174);
#850=CIRCLE('',#2600,1.52499999590218);
#851=CIRCLE('',#2603,1.5);
#852=CIRCLE('',#2606,1.52499999590218);
#853=CIRCLE('',#2609,1.5);
#854=CIRCLE('',#2612,1.50000002235174);
#855=CIRCLE('',#2615,1.50000002235174);
#856=CIRCLE('',#2617,1.5);
#857=CIRCLE('',#2620,1.52500002663583);
#858=CIRCLE('',#2624,1.5);
#859=CIRCLE('',#2627,1.52499999590218);
#860=CIRCLE('',#2630,1.2);
#861=CIRCLE('',#2633,1.2);
#862=CIRCLE('',#2635,1.5);
#863=CIRCLE('',#2638,1.52499999590218);
#864=CIRCLE('',#2642,1.50000002235174);
#865=CIRCLE('',#2644,1.52500002663583);
#866=CIRCLE('',#2648,1.50000002235174);
#867=CIRCLE('',#2651,1.2);
#868=CIRCLE('',#2654,1.2);
#869=CIRCLE('',#2658,1.50000002235174);
#870=CIRCLE('',#2661,1.50000002235174);
#871=CIRCLE('',#2664,1.50000002235174);
#872=CIRCLE('',#2667,1.50000002235174);
#873=CIRCLE('',#2669,21.25);
#874=CIRCLE('',#2670,0.5);
#875=CIRCLE('',#2671,20.75);
#876=VERTEX_POINT('',#3355);
#877=VERTEX_POINT('',#3356);
#878=VERTEX_POINT('',#3358);
#879=VERTEX_POINT('',#3360);
#880=VERTEX_POINT('',#3364);
#881=VERTEX_POINT('',#3366);
#882=VERTEX_POINT('',#3370);
#883=VERTEX_POINT('',#3372);
#884=VERTEX_POINT('',#3374);
#885=VERTEX_POINT('',#3376);
#886=VERTEX_POINT('',#3378);
#887=VERTEX_POINT('',#3382);
#888=VERTEX_POINT('',#3386);
#889=VERTEX_POINT('',#3401);
#890=VERTEX_POINT('',#3403);
#891=VERTEX_POINT('',#3423);
#892=VERTEX_POINT('',#3424);
#893=VERTEX_POINT('',#3439);
#894=VERTEX_POINT('',#3460);
#895=VERTEX_POINT('',#3475);
#896=VERTEX_POINT('',#3477);
#897=VERTEX_POINT('',#3479);
#898=VERTEX_POINT('',#3481);
#899=VERTEX_POINT('',#3500);
#900=VERTEX_POINT('',#3502);
#901=VERTEX_POINT('',#3504);
#902=VERTEX_POINT('',#3506);
#903=VERTEX_POINT('',#3525);
#904=VERTEX_POINT('',#3527);
#905=VERTEX_POINT('',#3529);
#906=VERTEX_POINT('',#3531);
#907=VERTEX_POINT('',#3550);
#908=VERTEX_POINT('',#3552);
#909=VERTEX_POINT('',#3554);
#910=VERTEX_POINT('',#3556);
#911=VERTEX_POINT('',#3561);
#912=VERTEX_POINT('',#3563);
#913=VERTEX_POINT('',#3582);
#914=VERTEX_POINT('',#3584);
#915=VERTEX_POINT('',#3599);
#916=VERTEX_POINT('',#3601);
#917=VERTEX_POINT('',#3606);
#918=VERTEX_POINT('',#3608);
#919=VERTEX_POINT('',#3627);
#920=VERTEX_POINT('',#3629);
#921=VERTEX_POINT('',#3640);
#922=VERTEX_POINT('',#3642);
#923=VERTEX_POINT('',#3651);
#924=VERTEX_POINT('',#3653);
#925=VERTEX_POINT('',#3672);
#926=VERTEX_POINT('',#3674);
#927=VERTEX_POINT('',#3687);
#928=VERTEX_POINT('',#3689);
#929=VERTEX_POINT('',#3696);
#930=VERTEX_POINT('',#3698);
#931=VERTEX_POINT('',#3717);
#932=VERTEX_POINT('',#3719);
#933=VERTEX_POINT('',#3726);
#934=VERTEX_POINT('',#3728);
#935=VERTEX_POINT('',#3735);
#936=VERTEX_POINT('',#3737);
#937=VERTEX_POINT('',#3756);
#938=VERTEX_POINT('',#3758);
#939=VERTEX_POINT('',#3765);
#940=VERTEX_POINT('',#3767);
#941=VERTEX_POINT('',#3780);
#942=VERTEX_POINT('',#3782);
#943=VERTEX_POINT('',#3801);
#944=VERTEX_POINT('',#3803);
#945=VERTEX_POINT('',#3812);
#946=VERTEX_POINT('',#3814);
#947=VERTEX_POINT('',#3825);
#948=VERTEX_POINT('',#3827);
#949=VERTEX_POINT('',#3846);
#950=VERTEX_POINT('',#3848);
#951=VERTEX_POINT('',#3853);
#952=VERTEX_POINT('',#3855);
#953=VERTEX_POINT('',#3870);
#954=VERTEX_POINT('',#3872);
#955=VERTEX_POINT('',#3891);
#956=VERTEX_POINT('',#3893);
#957=VERTEX_POINT('',#3898);
#958=VERTEX_POINT('',#3900);
#959=VERTEX_POINT('',#3905);
#960=VERTEX_POINT('',#3907);
#961=VERTEX_POINT('',#3926);
#962=VERTEX_POINT('',#3928);
#963=VERTEX_POINT('',#3943);
#964=VERTEX_POINT('',#3945);
#965=VERTEX_POINT('',#3950);
#966=VERTEX_POINT('',#3952);
#967=VERTEX_POINT('',#3971);
#968=VERTEX_POINT('',#3973);
#969=VERTEX_POINT('',#3984);
#970=VERTEX_POINT('',#3986);
#971=VERTEX_POINT('',#3995);
#972=VERTEX_POINT('',#3997);
#973=VERTEX_POINT('',#4016);
#974=VERTEX_POINT('',#4018);
#975=VERTEX_POINT('',#4031);
#976=VERTEX_POINT('',#4033);
#977=VERTEX_POINT('',#4040);
#978=VERTEX_POINT('',#4042);
#979=VERTEX_POINT('',#4061);
#980=VERTEX_POINT('',#4063);
#981=VERTEX_POINT('',#4070);
#982=VERTEX_POINT('',#4072);
#983=VERTEX_POINT('',#4079);
#984=VERTEX_POINT('',#4081);
#985=VERTEX_POINT('',#4100);
#986=VERTEX_POINT('',#4102);
#987=VERTEX_POINT('',#4109);
#988=VERTEX_POINT('',#4111);
#989=VERTEX_POINT('',#4124);
#990=VERTEX_POINT('',#4126);
#991=VERTEX_POINT('',#4145);
#992=VERTEX_POINT('',#4147);
#993=VERTEX_POINT('',#4156);
#994=VERTEX_POINT('',#4158);
#995=VERTEX_POINT('',#4169);
#996=VERTEX_POINT('',#4171);
#997=VERTEX_POINT('',#4190);
#998=VERTEX_POINT('',#4192);
#999=VERTEX_POINT('',#4197);
#1000=VERTEX_POINT('',#4199);
#1001=VERTEX_POINT('',#4214);
#1002=VERTEX_POINT('',#4216);
#1003=VERTEX_POINT('',#4235);
#1004=VERTEX_POINT('',#4237);
#1005=VERTEX_POINT('',#4243);
#1006=VERTEX_POINT('',#4245);
#1007=VERTEX_POINT('',#4265);
#1008=VERTEX_POINT('',#4267);
#1009=VERTEX_POINT('',#4287);
#1010=VERTEX_POINT('',#4289);
#1011=VERTEX_POINT('',#4309);
#1012=VERTEX_POINT('',#4325);
#1013=VERTEX_POINT('',#4340);
#1014=VERTEX_POINT('',#4356);
#1015=VERTEX_POINT('',#4357);
#1016=VERTEX_POINT('',#4359);
#1017=VERTEX_POINT('',#4378);
#1018=VERTEX_POINT('',#4398);
#1019=VERTEX_POINT('',#4399);
#1020=VERTEX_POINT('',#4401);
#1021=VERTEX_POINT('',#4420);
#1022=VERTEX_POINT('',#4440);
#1023=VERTEX_POINT('',#4441);
#1024=VERTEX_POINT('',#4443);
#1025=VERTEX_POINT('',#4462);
#1026=VERTEX_POINT('',#4483);
#1027=VERTEX_POINT('',#4485);
#1028=VERTEX_POINT('',#4489);
#1029=VERTEX_POINT('',#4493);
#1030=VERTEX_POINT('',#4495);
#1031=VERTEX_POINT('',#4499);
#1032=VERTEX_POINT('',#4503);
#1033=VERTEX_POINT('',#4505);
#1034=VERTEX_POINT('',#4509);
#1035=VERTEX_POINT('',#4513);
#1036=VERTEX_POINT('',#4515);
#1037=VERTEX_POINT('',#4519);
#1038=VERTEX_POINT('',#4523);
#1039=VERTEX_POINT('',#4525);
#1040=VERTEX_POINT('',#4530);
#1041=VERTEX_POINT('',#4534);
#1042=VERTEX_POINT('',#4536);
#1043=VERTEX_POINT('',#4540);
#1044=VERTEX_POINT('',#4544);
#1045=VERTEX_POINT('',#4551);
#1046=VERTEX_POINT('',#4553);
#1047=VERTEX_POINT('',#4557);
#1048=VERTEX_POINT('',#4561);
#1049=VERTEX_POINT('',#4568);
#1050=VERTEX_POINT('',#4570);
#1051=VERTEX_POINT('',#4574);
#1052=VERTEX_POINT('',#4578);
#1053=VERTEX_POINT('',#4585);
#1054=VERTEX_POINT('',#4587);
#1055=VERTEX_POINT('',#4591);
#1056=VERTEX_POINT('',#4595);
#1057=VERTEX_POINT('',#4602);
#1058=VERTEX_POINT('',#4604);
#1059=VERTEX_POINT('',#4608);
#1060=VERTEX_POINT('',#4612);
#1061=VERTEX_POINT('',#4619);
#1062=VERTEX_POINT('',#4621);
#1063=VERTEX_POINT('',#4625);
#1064=VERTEX_POINT('',#4629);
#1065=VERTEX_POINT('',#4636);
#1066=VERTEX_POINT('',#4638);
#1067=VERTEX_POINT('',#4642);
#1068=VERTEX_POINT('',#4646);
#1069=VERTEX_POINT('',#4653);
#1070=VERTEX_POINT('',#4664);
#1071=VERTEX_POINT('',#4666);
#1072=VERTEX_POINT('',#4670);
#1073=VERTEX_POINT('',#4674);
#1074=VERTEX_POINT('',#4678);
#1075=VERTEX_POINT('',#4682);
#1076=VERTEX_POINT('',#4684);
#1077=VERTEX_POINT('',#4688);
#1078=VERTEX_POINT('',#4692);
#1079=VERTEX_POINT('',#4694);
#1080=VERTEX_POINT('',#4698);
#1081=VERTEX_POINT('',#4702);
#1082=VERTEX_POINT('',#4704);
#1083=VERTEX_POINT('',#4708);
#1084=VERTEX_POINT('',#4712);
#1085=VERTEX_POINT('',#4714);
#1086=VERTEX_POINT('',#4718);
#1087=VERTEX_POINT('',#4722);
#1088=VERTEX_POINT('',#4728);
#1089=VERTEX_POINT('',#4730);
#1090=VERTEX_POINT('',#4734);
#1091=VERTEX_POINT('',#4738);
#1092=VERTEX_POINT('',#4744);
#1093=VERTEX_POINT('',#4750);
#1094=VERTEX_POINT('',#4756);
#1095=VERTEX_POINT('',#4758);
#1096=VERTEX_POINT('',#4762);
#1097=VERTEX_POINT('',#4766);
#1098=VERTEX_POINT('',#4772);
#1099=VERTEX_POINT('',#4774);
#1100=VERTEX_POINT('',#4778);
#1101=VERTEX_POINT('',#4782);
#1102=VERTEX_POINT('',#4788);
#1103=VERTEX_POINT('',#4790);
#1104=VERTEX_POINT('',#4794);
#1105=VERTEX_POINT('',#4798);
#1106=VERTEX_POINT('',#4804);
#1107=VERTEX_POINT('',#4806);
#1108=VERTEX_POINT('',#4810);
#1109=VERTEX_POINT('',#4814);
#1110=VERTEX_POINT('',#4820);
#1111=VERTEX_POINT('',#4826);
#1112=VERTEX_POINT('',#4832);
#1113=VERTEX_POINT('',#4838);
#1114=VERTEX_POINT('',#4840);
#1115=VERTEX_POINT('',#4844);
#1116=VERTEX_POINT('',#4848);
#1117=VERTEX_POINT('',#4856);
#1118=VERTEX_POINT('',#4862);
#1119=VERTEX_POINT('',#4868);
#1120=VERTEX_POINT('',#4874);
#1121=VERTEX_POINT('',#4880);
#1122=VERTEX_POINT('',#4882);
#1123=EDGE_CURVE('',#876,#877,#726,.T.);
#1124=EDGE_CURVE('',#877,#878,#416,.T.);
#1125=EDGE_CURVE('',#878,#879,#727,.T.);
#1126=EDGE_CURVE('',#879,#876,#417,.T.);
#1127=EDGE_CURVE('',#880,#879,#418,.T.);
#1128=EDGE_CURVE('',#881,#880,#419,.T.);
#1129=EDGE_CURVE('',#876,#881,#420,.T.);
#1130=EDGE_CURVE('',#878,#882,#421,.T.);
#1131=EDGE_CURVE('',#882,#883,#422,.T.);
#1132=EDGE_CURVE('',#884,#883,#423,.T.);
#1133=EDGE_CURVE('',#884,#885,#424,.T.);
#1134=EDGE_CURVE('',#886,#885,#425,.T.);
#1135=EDGE_CURVE('',#880,#886,#728,.T.);
#1136=EDGE_CURVE('',#886,#887,#426,.T.);
#1137=EDGE_CURVE('',#887,#881,#729,.T.);
#1138=EDGE_CURVE('',#888,#885,#48,.F.);
#1139=EDGE_CURVE('',#888,#889,#730,.T.);
#1140=EDGE_CURVE('',#889,#890,#49,.T.);
#1141=EDGE_CURVE('',#890,#885,#731,.T.);
#1142=EDGE_CURVE('',#887,#890,#427,.T.);
#1143=EDGE_CURVE('',#891,#892,#50,.F.);
#1144=EDGE_CURVE('',#891,#893,#732,.T.);
#1145=EDGE_CURVE('',#893,#882,#51,.T.);
#1146=EDGE_CURVE('',#882,#892,#733,.T.);
#1147=EDGE_CURVE('',#877,#892,#428,.T.);
#1148=EDGE_CURVE('',#894,#888,#52,.T.);
#1149=EDGE_CURVE('',#895,#894,#734,.T.);
#1150=EDGE_CURVE('',#895,#896,#735,.T.);
#1151=EDGE_CURVE('',#897,#896,#736,.T.);
#1152=EDGE_CURVE('',#898,#897,#53,.T.);
#1153=EDGE_CURVE('',#899,#898,#737,.T.);
#1154=EDGE_CURVE('',#899,#900,#738,.T.);
#1155=EDGE_CURVE('',#901,#900,#739,.T.);
#1156=EDGE_CURVE('',#902,#901,#54,.T.);
#1157=EDGE_CURVE('',#903,#902,#740,.T.);
#1158=EDGE_CURVE('',#903,#904,#741,.T.);
#1159=EDGE_CURVE('',#905,#904,#742,.T.);
#1160=EDGE_CURVE('',#906,#905,#55,.T.);
#1161=EDGE_CURVE('',#907,#906,#743,.T.);
#1162=EDGE_CURVE('',#907,#908,#744,.T.);
#1163=EDGE_CURVE('',#909,#908,#745,.T.);
#1164=EDGE_CURVE('',#910,#909,#56,.T.);
#1165=EDGE_CURVE('',#911,#910,#746,.T.);
#1166=EDGE_CURVE('',#912,#911,#57,.T.);
#1167=EDGE_CURVE('',#913,#912,#747,.T.);
#1168=EDGE_CURVE('',#914,#913,#58,.T.);
#1169=EDGE_CURVE('',#915,#914,#748,.T.);
#1170=EDGE_CURVE('',#916,#915,#59,.T.);
#1171=EDGE_CURVE('',#917,#916,#749,.T.);
#1172=EDGE_CURVE('',#918,#917,#60,.T.);
#1173=EDGE_CURVE('',#919,#918,#750,.T.);
#1174=EDGE_CURVE('',#920,#919,#61,.T.);
#1175=EDGE_CURVE('',#921,#920,#751,.T.);
#1176=EDGE_CURVE('',#922,#921,#62,.T.);
#1177=EDGE_CURVE('',#923,#922,#752,.T.);
#1178=EDGE_CURVE('',#924,#923,#63,.T.);
#1179=EDGE_CURVE('',#925,#924,#753,.T.);
#1180=EDGE_CURVE('',#926,#925,#64,.T.);
#1181=EDGE_CURVE('',#927,#926,#754,.T.);
#1182=EDGE_CURVE('',#928,#927,#65,.T.);
#1183=EDGE_CURVE('',#929,#928,#755,.T.);
#1184=EDGE_CURVE('',#930,#929,#66,.T.);
#1185=EDGE_CURVE('',#931,#930,#756,.T.);
#1186=EDGE_CURVE('',#932,#931,#67,.T.);
#1187=EDGE_CURVE('',#933,#932,#757,.T.);
#1188=EDGE_CURVE('',#934,#933,#68,.T.);
#1189=EDGE_CURVE('',#935,#934,#758,.T.);
#1190=EDGE_CURVE('',#936,#935,#69,.T.);
#1191=EDGE_CURVE('',#937,#936,#759,.T.);
#1192=EDGE_CURVE('',#938,#937,#70,.T.);
#1193=EDGE_CURVE('',#939,#938,#760,.T.);
#1194=EDGE_CURVE('',#940,#939,#71,.T.);
#1195=EDGE_CURVE('',#941,#940,#761,.T.);
#1196=EDGE_CURVE('',#942,#941,#72,.T.);
#1197=EDGE_CURVE('',#943,#942,#762,.T.);
#1198=EDGE_CURVE('',#944,#943,#73,.T.);
#1199=EDGE_CURVE('',#945,#944,#763,.T.);
#1200=EDGE_CURVE('',#946,#945,#74,.T.);
#1201=EDGE_CURVE('',#947,#946,#764,.T.);
#1202=EDGE_CURVE('',#948,#947,#75,.T.);
#1203=EDGE_CURVE('',#949,#948,#765,.T.);
#1204=EDGE_CURVE('',#950,#949,#76,.T.);
#1205=EDGE_CURVE('',#951,#950,#766,.T.);
#1206=EDGE_CURVE('',#952,#951,#77,.T.);
#1207=EDGE_CURVE('',#953,#952,#767,.T.);
#1208=EDGE_CURVE('',#954,#953,#78,.T.);
#1209=EDGE_CURVE('',#955,#954,#768,.T.);
#1210=EDGE_CURVE('',#956,#955,#79,.T.);
#1211=EDGE_CURVE('',#957,#956,#769,.T.);
#1212=EDGE_CURVE('',#958,#957,#80,.T.);
#1213=EDGE_CURVE('',#959,#958,#770,.T.);
#1214=EDGE_CURVE('',#960,#959,#81,.T.);
#1215=EDGE_CURVE('',#961,#960,#771,.T.);
#1216=EDGE_CURVE('',#962,#961,#82,.T.);
#1217=EDGE_CURVE('',#963,#962,#772,.T.);
#1218=EDGE_CURVE('',#964,#963,#83,.T.);
#1219=EDGE_CURVE('',#965,#964,#773,.T.);
#1220=EDGE_CURVE('',#966,#965,#84,.T.);
#1221=EDGE_CURVE('',#967,#966,#774,.T.);
#1222=EDGE_CURVE('',#968,#967,#85,.T.);
#1223=EDGE_CURVE('',#969,#968,#775,.T.);
#1224=EDGE_CURVE('',#970,#969,#86,.T.);
#1225=EDGE_CURVE('',#971,#970,#776,.T.);
#1226=EDGE_CURVE('',#972,#971,#87,.T.);
#1227=EDGE_CURVE('',#973,#972,#777,.T.);
#1228=EDGE_CURVE('',#974,#973,#88,.T.);
#1229=EDGE_CURVE('',#975,#974,#778,.T.);
#1230=EDGE_CURVE('',#976,#975,#89,.T.);
#1231=EDGE_CURVE('',#977,#976,#779,.T.);
#1232=EDGE_CURVE('',#978,#977,#90,.T.);
#1233=EDGE_CURVE('',#979,#978,#780,.T.);
#1234=EDGE_CURVE('',#980,#979,#91,.T.);
#1235=EDGE_CURVE('',#981,#980,#781,.T.);
#1236=EDGE_CURVE('',#982,#981,#92,.T.);
#1237=EDGE_CURVE('',#983,#982,#782,.T.);
#1238=EDGE_CURVE('',#984,#983,#93,.T.);
#1239=EDGE_CURVE('',#985,#984,#783,.T.);
#1240=EDGE_CURVE('',#986,#985,#94,.T.);
#1241=EDGE_CURVE('',#987,#986,#784,.T.);
#1242=EDGE_CURVE('',#988,#987,#95,.T.);
#1243=EDGE_CURVE('',#989,#988,#785,.T.);
#1244=EDGE_CURVE('',#990,#989,#96,.T.);
#1245=EDGE_CURVE('',#991,#990,#786,.T.);
#1246=EDGE_CURVE('',#992,#991,#97,.T.);
#1247=EDGE_CURVE('',#993,#992,#787,.T.);
#1248=EDGE_CURVE('',#994,#993,#98,.T.);
#1249=EDGE_CURVE('',#995,#994,#788,.T.);
#1250=EDGE_CURVE('',#996,#995,#99,.T.);
#1251=EDGE_CURVE('',#997,#996,#789,.T.);
#1252=EDGE_CURVE('',#998,#997,#100,.T.);
#1253=EDGE_CURVE('',#999,#998,#790,.T.);
#1254=EDGE_CURVE('',#1000,#999,#101,.T.);
#1255=EDGE_CURVE('',#1001,#1000,#791,.T.);
#1256=EDGE_CURVE('',#1002,#1001,#102,.T.);
#1257=EDGE_CURVE('',#1003,#1002,#792,.T.);
#1258=EDGE_CURVE('',#1004,#1003,#103,.T.);
#1259=EDGE_CURVE('',#908,#1004,#793,.T.);
#1260=EDGE_CURVE('',#1005,#907,#794,.T.);
#1261=EDGE_CURVE('',#1006,#1005,#104,.T.);
#1262=EDGE_CURVE('',#904,#1006,#795,.T.);
#1263=EDGE_CURVE('',#1007,#903,#796,.T.);
#1264=EDGE_CURVE('',#1008,#1007,#105,.T.);
#1265=EDGE_CURVE('',#900,#1008,#797,.T.);
#1266=EDGE_CURVE('',#1009,#899,#798,.T.);
#1267=EDGE_CURVE('',#1010,#1009,#106,.T.);
#1268=EDGE_CURVE('',#896,#1010,#799,.T.);
#1269=EDGE_CURVE('',#1011,#895,#800,.T.);
#1270=EDGE_CURVE('',#893,#1011,#107,.T.);
#1271=EDGE_CURVE('',#1012,#891,#108,.T.);
#1272=EDGE_CURVE('',#1013,#1012,#801,.T.);
#1273=EDGE_CURVE('',#889,#1013,#109,.T.);
#1274=EDGE_CURVE('',#1014,#1015,#802,.T.);
#1275=EDGE_CURVE('',#1016,#1014,#110,.T.);
#1276=EDGE_CURVE('',#1017,#1016,#803,.T.);
#1277=EDGE_CURVE('',#1015,#1017,#111,.T.);
#1278=EDGE_CURVE('',#1018,#1019,#804,.T.);
#1279=EDGE_CURVE('',#1020,#1018,#112,.T.);
#1280=EDGE_CURVE('',#1021,#1020,#805,.T.);
#1281=EDGE_CURVE('',#1019,#1021,#113,.T.);
#1282=EDGE_CURVE('',#1022,#1023,#806,.T.);
#1283=EDGE_CURVE('',#1024,#1022,#114,.T.);
#1284=EDGE_CURVE('',#1025,#1024,#807,.T.);
#1285=EDGE_CURVE('',#1023,#1025,#115,.T.);
#1286=EDGE_CURVE('',#1026,#1024,#429,.T.);
#1287=EDGE_CURVE('',#1027,#1026,#430,.T.);
#1288=EDGE_CURVE('',#1027,#1025,#431,.T.);
#1289=EDGE_CURVE('',#1028,#1022,#432,.T.);
#1290=EDGE_CURVE('',#1026,#1028,#808,.T.);
#1291=EDGE_CURVE('',#1029,#1020,#433,.T.);
#1292=EDGE_CURVE('',#1030,#1029,#434,.T.);
#1293=EDGE_CURVE('',#1030,#1021,#435,.T.);
#1294=EDGE_CURVE('',#1031,#1018,#436,.T.);
#1295=EDGE_CURVE('',#1029,#1031,#809,.T.);
#1296=EDGE_CURVE('',#1032,#1016,#437,.T.);
#1297=EDGE_CURVE('',#1033,#1032,#438,.T.);
#1298=EDGE_CURVE('',#1033,#1017,#439,.T.);
#1299=EDGE_CURVE('',#1034,#1014,#440,.T.);
#1300=EDGE_CURVE('',#1032,#1034,#810,.T.);
#1301=EDGE_CURVE('',#890,#1035,#441,.T.);
#1302=EDGE_CURVE('',#1036,#1035,#442,.T.);
#1303=EDGE_CURVE('',#1036,#892,#443,.T.);
#1304=EDGE_CURVE('',#1037,#1013,#444,.T.);
#1305=EDGE_CURVE('',#1035,#1037,#811,.T.);
#1306=EDGE_CURVE('',#1038,#952,#445,.T.);
#1307=EDGE_CURVE('',#1039,#1038,#446,.T.);
#1308=EDGE_CURVE('',#1039,#953,#447,.T.);
#1309=EDGE_CURVE('',#956,#951,#812,.T.);
#1310=EDGE_CURVE('',#1040,#955,#448,.T.);
#1311=EDGE_CURVE('',#1038,#1040,#813,.T.);
#1312=EDGE_CURVE('',#1041,#948,#449,.T.);
#1313=EDGE_CURVE('',#1042,#1041,#450,.T.);
#1314=EDGE_CURVE('',#1042,#949,#451,.T.);
#1315=EDGE_CURVE('',#1043,#947,#452,.T.);
#1316=EDGE_CURVE('',#1041,#1043,#814,.T.);
#1317=EDGE_CURVE('',#1044,#946,#453,.T.);
#1318=EDGE_CURVE('',#1043,#1044,#454,.T.);
#1319=EDGE_CURVE('',#1044,#1042,#815,.T.);
#1320=EDGE_CURVE('',#950,#945,#816,.T.);
#1321=EDGE_CURVE('',#1045,#942,#455,.T.);
#1322=EDGE_CURVE('',#1046,#1045,#456,.T.);
#1323=EDGE_CURVE('',#1046,#943,#457,.T.);
#1324=EDGE_CURVE('',#1047,#941,#458,.T.);
#1325=EDGE_CURVE('',#1045,#1047,#817,.T.);
#1326=EDGE_CURVE('',#1048,#940,#459,.T.);
#1327=EDGE_CURVE('',#1047,#1048,#460,.T.);
#1328=EDGE_CURVE('',#1048,#1046,#818,.T.);
#1329=EDGE_CURVE('',#944,#939,#819,.T.);
#1330=EDGE_CURVE('',#1049,#936,#461,.T.);
#1331=EDGE_CURVE('',#1050,#1049,#462,.T.);
#1332=EDGE_CURVE('',#1050,#937,#463,.T.);
#1333=EDGE_CURVE('',#1051,#935,#464,.T.);
#1334=EDGE_CURVE('',#1049,#1051,#820,.T.);
#1335=EDGE_CURVE('',#1052,#934,#465,.T.);
#1336=EDGE_CURVE('',#1051,#1052,#466,.T.);
#1337=EDGE_CURVE('',#1052,#1050,#821,.T.);
#1338=EDGE_CURVE('',#938,#933,#822,.T.);
#1339=EDGE_CURVE('',#1053,#930,#467,.T.);
#1340=EDGE_CURVE('',#1054,#1053,#468,.T.);
#1341=EDGE_CURVE('',#1054,#931,#469,.T.);
#1342=EDGE_CURVE('',#1055,#929,#470,.T.);
#1343=EDGE_CURVE('',#1053,#1055,#823,.T.);
#1344=EDGE_CURVE('',#1056,#928,#471,.T.);
#1345=EDGE_CURVE('',#1055,#1056,#472,.T.);
#1346=EDGE_CURVE('',#1056,#1054,#824,.T.);
#1347=EDGE_CURVE('',#932,#927,#825,.T.);
#1348=EDGE_CURVE('',#1057,#924,#473,.T.);
#1349=EDGE_CURVE('',#1058,#1057,#474,.T.);
#1350=EDGE_CURVE('',#1058,#925,#475,.T.);
#1351=EDGE_CURVE('',#1059,#923,#476,.T.);
#1352=EDGE_CURVE('',#1057,#1059,#826,.T.);
#1353=EDGE_CURVE('',#1060,#922,#477,.T.);
#1354=EDGE_CURVE('',#1059,#1060,#478,.T.);
#1355=EDGE_CURVE('',#1060,#1058,#827,.T.);
#1356=EDGE_CURVE('',#926,#921,#828,.T.);
#1357=EDGE_CURVE('',#1061,#918,#479,.T.);
#1358=EDGE_CURVE('',#1062,#1061,#480,.T.);
#1359=EDGE_CURVE('',#1062,#919,#481,.T.);
#1360=EDGE_CURVE('',#1063,#917,#482,.T.);
#1361=EDGE_CURVE('',#1061,#1063,#829,.T.);
#1362=EDGE_CURVE('',#1064,#916,#483,.T.);
#1363=EDGE_CURVE('',#1063,#1064,#484,.T.);
#1364=EDGE_CURVE('',#1064,#1062,#830,.T.);
#1365=EDGE_CURVE('',#920,#915,#831,.T.);
#1366=EDGE_CURVE('',#1065,#912,#485,.T.);
#1367=EDGE_CURVE('',#1066,#1065,#486,.T.);
#1368=EDGE_CURVE('',#1066,#913,#487,.T.);
#1369=EDGE_CURVE('',#1067,#911,#488,.T.);
#1370=EDGE_CURVE('',#1065,#1067,#832,.T.);
#1371=EDGE_CURVE('',#1068,#910,#489,.T.);
#1372=EDGE_CURVE('',#1067,#1068,#490,.T.);
#1373=EDGE_CURVE('',#1068,#1066,#833,.T.);
#1374=EDGE_CURVE('',#914,#909,#834,.T.);
#1375=EDGE_CURVE('',#1069,#1069,#835,.T.);
#1376=EDGE_CURVE('',#1004,#999,#836,.T.);
#1377=EDGE_CURVE('',#998,#993,#837,.T.);
#1378=EDGE_CURVE('',#992,#987,#838,.T.);
#1379=EDGE_CURVE('',#986,#981,#839,.T.);
#1380=EDGE_CURVE('',#980,#975,#840,.T.);
#1381=EDGE_CURVE('',#974,#969,#841,.T.);
#1382=EDGE_CURVE('',#968,#963,#842,.T.);
#1383=EDGE_CURVE('',#962,#957,#843,.T.);
#1384=EDGE_CURVE('',#1070,#1002,#491,.T.);
#1385=EDGE_CURVE('',#1071,#1070,#492,.T.);
#1386=EDGE_CURVE('',#1071,#1003,#493,.T.);
#1387=EDGE_CURVE('',#1072,#1071,#844,.T.);
#1388=EDGE_CURVE('',#1072,#1000,#494,.T.);
#1389=EDGE_CURVE('',#1073,#1001,#495,.T.);
#1390=EDGE_CURVE('',#1070,#1073,#845,.T.);
#1391=EDGE_CURVE('',#1074,#1011,#496,.T.);
#1392=EDGE_CURVE('',#883,#1074,#846,.T.);
#1393=EDGE_CURVE('',#1075,#1010,#497,.T.);
#1394=EDGE_CURVE('',#1076,#1075,#498,.T.);
#1395=EDGE_CURVE('',#1076,#897,#499,.T.);
#1396=EDGE_CURVE('',#1077,#1009,#500,.T.);
#1397=EDGE_CURVE('',#1075,#1077,#847,.T.);
#1398=EDGE_CURVE('',#1078,#1008,#501,.T.);
#1399=EDGE_CURVE('',#1079,#1078,#502,.T.);
#1400=EDGE_CURVE('',#1079,#901,#503,.T.);
#1401=EDGE_CURVE('',#1080,#1007,#504,.T.);
#1402=EDGE_CURVE('',#1078,#1080,#848,.T.);
#1403=EDGE_CURVE('',#1081,#1006,#505,.T.);
#1404=EDGE_CURVE('',#1082,#1081,#506,.T.);
#1405=EDGE_CURVE('',#1082,#905,#507,.T.);
#1406=EDGE_CURVE('',#1083,#1005,#508,.T.);
#1407=EDGE_CURVE('',#1081,#1083,#849,.T.);
#1408=EDGE_CURVE('',#1084,#988,#509,.T.);
#1409=EDGE_CURVE('',#1085,#1084,#510,.T.);
#1410=EDGE_CURVE('',#1085,#989,#511,.T.);
#1411=EDGE_CURVE('',#1086,#1085,#850,.T.);
#1412=EDGE_CURVE('',#1086,#990,#512,.T.);
#1413=EDGE_CURVE('',#1087,#1086,#513,.T.);
#1414=EDGE_CURVE('',#1087,#991,#514,.T.);
#1415=EDGE_CURVE('',#1084,#1087,#851,.T.);
#1416=EDGE_CURVE('',#1088,#964,#515,.T.);
#1417=EDGE_CURVE('',#1089,#1088,#516,.T.);
#1418=EDGE_CURVE('',#1089,#965,#517,.T.);
#1419=EDGE_CURVE('',#1090,#1089,#852,.T.);
#1420=EDGE_CURVE('',#1090,#966,#518,.T.);
#1421=EDGE_CURVE('',#1091,#1090,#519,.T.);
#1422=EDGE_CURVE('',#1091,#967,#520,.T.);
#1423=EDGE_CURVE('',#1088,#1091,#853,.T.);
#1424=EDGE_CURVE('',#1092,#1023,#521,.T.);
#1425=EDGE_CURVE('',#1028,#1092,#522,.T.);
#1426=EDGE_CURVE('',#1092,#1027,#854,.T.);
#1427=EDGE_CURVE('',#1093,#1019,#523,.T.);
#1428=EDGE_CURVE('',#1031,#1093,#524,.T.);
#1429=EDGE_CURVE('',#1093,#1030,#855,.T.);
#1430=EDGE_CURVE('',#1094,#961,#525,.T.);
#1431=EDGE_CURVE('',#1095,#1094,#856,.T.);
#1432=EDGE_CURVE('',#1095,#958,#526,.T.);
#1433=EDGE_CURVE('',#1096,#1095,#527,.T.);
#1434=EDGE_CURVE('',#1096,#959,#528,.T.);
#1435=EDGE_CURVE('',#1097,#1096,#857,.T.);
#1436=EDGE_CURVE('',#1097,#960,#529,.T.);
#1437=EDGE_CURVE('',#1094,#1097,#530,.T.);
#1438=EDGE_CURVE('',#1098,#996,#531,.T.);
#1439=EDGE_CURVE('',#1099,#1098,#532,.T.);
#1440=EDGE_CURVE('',#1099,#997,#533,.T.);
#1441=EDGE_CURVE('',#1100,#1099,#858,.T.);
#1442=EDGE_CURVE('',#1100,#994,#534,.T.);
#1443=EDGE_CURVE('',#1101,#1100,#535,.T.);
#1444=EDGE_CURVE('',#1101,#995,#536,.T.);
#1445=EDGE_CURVE('',#1098,#1101,#859,.T.);
#1446=EDGE_CURVE('',#1102,#984,#537,.T.);
#1447=EDGE_CURVE('',#1103,#1102,#538,.T.);
#1448=EDGE_CURVE('',#1103,#985,#539,.T.);
#1449=EDGE_CURVE('',#1104,#1103,#860,.T.);
#1450=EDGE_CURVE('',#1104,#982,#540,.T.);
#1451=EDGE_CURVE('',#1105,#1104,#541,.T.);
#1452=EDGE_CURVE('',#1105,#983,#542,.T.);
#1453=EDGE_CURVE('',#1102,#1105,#861,.T.);
#1454=EDGE_CURVE('',#1106,#973,#543,.T.);
#1455=EDGE_CURVE('',#1107,#1106,#862,.T.);
#1456=EDGE_CURVE('',#1107,#970,#544,.T.);
#1457=EDGE_CURVE('',#1108,#1107,#545,.T.);
#1458=EDGE_CURVE('',#1108,#971,#546,.T.);
#1459=EDGE_CURVE('',#1109,#1108,#863,.T.);
#1460=EDGE_CURVE('',#1109,#972,#547,.T.);
#1461=EDGE_CURVE('',#1106,#1109,#548,.T.);
#1462=EDGE_CURVE('',#1110,#1015,#549,.T.);
#1463=EDGE_CURVE('',#1034,#1110,#550,.T.);
#1464=EDGE_CURVE('',#1110,#1033,#864,.T.);
#1465=EDGE_CURVE('',#1111,#1039,#865,.T.);
#1466=EDGE_CURVE('',#1111,#954,#551,.T.);
#1467=EDGE_CURVE('',#1040,#1111,#552,.T.);
#1468=EDGE_CURVE('',#1112,#1012,#553,.T.);
#1469=EDGE_CURVE('',#1037,#1112,#554,.T.);
#1470=EDGE_CURVE('',#1112,#1036,#866,.T.);
#1471=EDGE_CURVE('',#1113,#976,#555,.T.);
#1472=EDGE_CURVE('',#1114,#1113,#556,.T.);
#1473=EDGE_CURVE('',#1114,#977,#557,.T.);
#1474=EDGE_CURVE('',#1115,#1114,#867,.T.);
#1475=EDGE_CURVE('',#1115,#978,#558,.T.);
#1476=EDGE_CURVE('',#1116,#1115,#559,.T.);
#1477=EDGE_CURVE('',#1116,#979,#560,.T.);
#1478=EDGE_CURVE('',#1113,#1116,#868,.T.);
#1479=EDGE_CURVE('',#1073,#1072,#561,.T.);
#1480=EDGE_CURVE('',#1117,#894,#562,.T.);
#1481=EDGE_CURVE('',#1074,#1117,#563,.T.);
#1482=EDGE_CURVE('',#1117,#884,#869,.T.);
#1483=EDGE_CURVE('',#1118,#898,#564,.T.);
#1484=EDGE_CURVE('',#1077,#1118,#565,.T.);
#1485=EDGE_CURVE('',#1118,#1076,#870,.T.);
#1486=EDGE_CURVE('',#1119,#902,#566,.T.);
#1487=EDGE_CURVE('',#1080,#1119,#567,.T.);
#1488=EDGE_CURVE('',#1119,#1079,#871,.T.);
#1489=EDGE_CURVE('',#1120,#906,#568,.T.);
#1490=EDGE_CURVE('',#1083,#1120,#569,.T.);
#1491=EDGE_CURVE('',#1120,#1082,#872,.T.);
#1492=EDGE_CURVE('',#1121,#1121,#873,.T.);
#1493=EDGE_CURVE('',#1121,#1122,#874,.T.);
#1494=EDGE_CURVE('',#1122,#1122,#875,.T.);
#1495=EDGE_CURVE('',#1069,#1121,#570,.T.);
#1496=ORIENTED_EDGE('',*,*,#1123,.T.);
#1497=ORIENTED_EDGE('',*,*,#1124,.T.);
#1498=ORIENTED_EDGE('',*,*,#1125,.T.);
#1499=ORIENTED_EDGE('',*,*,#1126,.T.);
#1500=ORIENTED_EDGE('',*,*,#1126,.F.);
#1501=ORIENTED_EDGE('',*,*,#1127,.F.);
#1502=ORIENTED_EDGE('',*,*,#1128,.F.);
#1503=ORIENTED_EDGE('',*,*,#1129,.F.);
#1504=ORIENTED_EDGE('',*,*,#1125,.F.);
#1505=ORIENTED_EDGE('',*,*,#1130,.T.);
#1506=ORIENTED_EDGE('',*,*,#1131,.T.);
#1507=ORIENTED_EDGE('',*,*,#1132,.F.);
#1508=ORIENTED_EDGE('',*,*,#1133,.T.);
#1509=ORIENTED_EDGE('',*,*,#1134,.F.);
#1510=ORIENTED_EDGE('',*,*,#1135,.F.);
#1511=ORIENTED_EDGE('',*,*,#1127,.T.);
#1512=ORIENTED_EDGE('',*,*,#1135,.T.);
#1513=ORIENTED_EDGE('',*,*,#1136,.T.);
#1514=ORIENTED_EDGE('',*,*,#1137,.T.);
#1515=ORIENTED_EDGE('',*,*,#1128,.T.);
#1516=ORIENTED_EDGE('',*,*,#1138,.F.);
#1517=ORIENTED_EDGE('',*,*,#1139,.T.);
#1518=ORIENTED_EDGE('',*,*,#1140,.T.);
#1519=ORIENTED_EDGE('',*,*,#1141,.T.);
#1520=ORIENTED_EDGE('',*,*,#1136,.F.);
#1521=ORIENTED_EDGE('',*,*,#1134,.T.);
#1522=ORIENTED_EDGE('',*,*,#1141,.F.);
#1523=ORIENTED_EDGE('',*,*,#1142,.F.);
#1524=ORIENTED_EDGE('',*,*,#1143,.F.);
#1525=ORIENTED_EDGE('',*,*,#1144,.T.);
#1526=ORIENTED_EDGE('',*,*,#1145,.T.);
#1527=ORIENTED_EDGE('',*,*,#1146,.T.);
#1528=ORIENTED_EDGE('',*,*,#1124,.F.);
#1529=ORIENTED_EDGE('',*,*,#1147,.T.);
#1530=ORIENTED_EDGE('',*,*,#1146,.F.);
#1531=ORIENTED_EDGE('',*,*,#1130,.F.);
#1532=ORIENTED_EDGE('',*,*,#1139,.F.);
#1533=ORIENTED_EDGE('',*,*,#1148,.F.);
#1534=ORIENTED_EDGE('',*,*,#1149,.F.);
#1535=ORIENTED_EDGE('',*,*,#1150,.T.);
#1536=ORIENTED_EDGE('',*,*,#1151,.F.);
#1537=ORIENTED_EDGE('',*,*,#1152,.F.);
#1538=ORIENTED_EDGE('',*,*,#1153,.F.);
#1539=ORIENTED_EDGE('',*,*,#1154,.T.);
#1540=ORIENTED_EDGE('',*,*,#1155,.F.);
#1541=ORIENTED_EDGE('',*,*,#1156,.F.);
#1542=ORIENTED_EDGE('',*,*,#1157,.F.);
#1543=ORIENTED_EDGE('',*,*,#1158,.T.);
#1544=ORIENTED_EDGE('',*,*,#1159,.F.);
#1545=ORIENTED_EDGE('',*,*,#1160,.F.);
#1546=ORIENTED_EDGE('',*,*,#1161,.F.);
#1547=ORIENTED_EDGE('',*,*,#1162,.T.);
#1548=ORIENTED_EDGE('',*,*,#1163,.F.);
#1549=ORIENTED_EDGE('',*,*,#1164,.F.);
#1550=ORIENTED_EDGE('',*,*,#1165,.F.);
#1551=ORIENTED_EDGE('',*,*,#1166,.F.);
#1552=ORIENTED_EDGE('',*,*,#1167,.F.);
#1553=ORIENTED_EDGE('',*,*,#1168,.F.);
#1554=ORIENTED_EDGE('',*,*,#1169,.F.);
#1555=ORIENTED_EDGE('',*,*,#1170,.F.);
#1556=ORIENTED_EDGE('',*,*,#1171,.F.);
#1557=ORIENTED_EDGE('',*,*,#1172,.F.);
#1558=ORIENTED_EDGE('',*,*,#1173,.F.);
#1559=ORIENTED_EDGE('',*,*,#1174,.F.);
#1560=ORIENTED_EDGE('',*,*,#1175,.F.);
#1561=ORIENTED_EDGE('',*,*,#1176,.F.);
#1562=ORIENTED_EDGE('',*,*,#1177,.F.);
#1563=ORIENTED_EDGE('',*,*,#1178,.F.);
#1564=ORIENTED_EDGE('',*,*,#1179,.F.);
#1565=ORIENTED_EDGE('',*,*,#1180,.F.);
#1566=ORIENTED_EDGE('',*,*,#1181,.F.);
#1567=ORIENTED_EDGE('',*,*,#1182,.F.);
#1568=ORIENTED_EDGE('',*,*,#1183,.F.);
#1569=ORIENTED_EDGE('',*,*,#1184,.F.);
#1570=ORIENTED_EDGE('',*,*,#1185,.F.);
#1571=ORIENTED_EDGE('',*,*,#1186,.F.);
#1572=ORIENTED_EDGE('',*,*,#1187,.F.);
#1573=ORIENTED_EDGE('',*,*,#1188,.F.);
#1574=ORIENTED_EDGE('',*,*,#1189,.F.);
#1575=ORIENTED_EDGE('',*,*,#1190,.F.);
#1576=ORIENTED_EDGE('',*,*,#1191,.F.);
#1577=ORIENTED_EDGE('',*,*,#1192,.F.);
#1578=ORIENTED_EDGE('',*,*,#1193,.F.);
#1579=ORIENTED_EDGE('',*,*,#1194,.F.);
#1580=ORIENTED_EDGE('',*,*,#1195,.F.);
#1581=ORIENTED_EDGE('',*,*,#1196,.F.);
#1582=ORIENTED_EDGE('',*,*,#1197,.F.);
#1583=ORIENTED_EDGE('',*,*,#1198,.F.);
#1584=ORIENTED_EDGE('',*,*,#1199,.F.);
#1585=ORIENTED_EDGE('',*,*,#1200,.F.);
#1586=ORIENTED_EDGE('',*,*,#1201,.F.);
#1587=ORIENTED_EDGE('',*,*,#1202,.F.);
#1588=ORIENTED_EDGE('',*,*,#1203,.F.);
#1589=ORIENTED_EDGE('',*,*,#1204,.F.);
#1590=ORIENTED_EDGE('',*,*,#1205,.F.);
#1591=ORIENTED_EDGE('',*,*,#1206,.F.);
#1592=ORIENTED_EDGE('',*,*,#1207,.F.);
#1593=ORIENTED_EDGE('',*,*,#1208,.F.);
#1594=ORIENTED_EDGE('',*,*,#1209,.F.);
#1595=ORIENTED_EDGE('',*,*,#1210,.F.);
#1596=ORIENTED_EDGE('',*,*,#1211,.F.);
#1597=ORIENTED_EDGE('',*,*,#1212,.F.);
#1598=ORIENTED_EDGE('',*,*,#1213,.F.);
#1599=ORIENTED_EDGE('',*,*,#1214,.F.);
#1600=ORIENTED_EDGE('',*,*,#1215,.F.);
#1601=ORIENTED_EDGE('',*,*,#1216,.F.);
#1602=ORIENTED_EDGE('',*,*,#1217,.F.);
#1603=ORIENTED_EDGE('',*,*,#1218,.F.);
#1604=ORIENTED_EDGE('',*,*,#1219,.F.);
#1605=ORIENTED_EDGE('',*,*,#1220,.F.);
#1606=ORIENTED_EDGE('',*,*,#1221,.F.);
#1607=ORIENTED_EDGE('',*,*,#1222,.F.);
#1608=ORIENTED_EDGE('',*,*,#1223,.F.);
#1609=ORIENTED_EDGE('',*,*,#1224,.F.);
#1610=ORIENTED_EDGE('',*,*,#1225,.F.);
#1611=ORIENTED_EDGE('',*,*,#1226,.F.);
#1612=ORIENTED_EDGE('',*,*,#1227,.F.);
#1613=ORIENTED_EDGE('',*,*,#1228,.F.);
#1614=ORIENTED_EDGE('',*,*,#1229,.F.);
#1615=ORIENTED_EDGE('',*,*,#1230,.F.);
#1616=ORIENTED_EDGE('',*,*,#1231,.F.);
#1617=ORIENTED_EDGE('',*,*,#1232,.F.);
#1618=ORIENTED_EDGE('',*,*,#1233,.F.);
#1619=ORIENTED_EDGE('',*,*,#1234,.F.);
#1620=ORIENTED_EDGE('',*,*,#1235,.F.);
#1621=ORIENTED_EDGE('',*,*,#1236,.F.);
#1622=ORIENTED_EDGE('',*,*,#1237,.F.);
#1623=ORIENTED_EDGE('',*,*,#1238,.F.);
#1624=ORIENTED_EDGE('',*,*,#1239,.F.);
#1625=ORIENTED_EDGE('',*,*,#1240,.F.);
#1626=ORIENTED_EDGE('',*,*,#1241,.F.);
#1627=ORIENTED_EDGE('',*,*,#1242,.F.);
#1628=ORIENTED_EDGE('',*,*,#1243,.F.);
#1629=ORIENTED_EDGE('',*,*,#1244,.F.);
#1630=ORIENTED_EDGE('',*,*,#1245,.F.);
#1631=ORIENTED_EDGE('',*,*,#1246,.F.);
#1632=ORIENTED_EDGE('',*,*,#1247,.F.);
#1633=ORIENTED_EDGE('',*,*,#1248,.F.);
#1634=ORIENTED_EDGE('',*,*,#1249,.F.);
#1635=ORIENTED_EDGE('',*,*,#1250,.F.);
#1636=ORIENTED_EDGE('',*,*,#1251,.F.);
#1637=ORIENTED_EDGE('',*,*,#1252,.F.);
#1638=ORIENTED_EDGE('',*,*,#1253,.F.);
#1639=ORIENTED_EDGE('',*,*,#1254,.F.);
#1640=ORIENTED_EDGE('',*,*,#1255,.F.);
#1641=ORIENTED_EDGE('',*,*,#1256,.F.);
#1642=ORIENTED_EDGE('',*,*,#1257,.F.);
#1643=ORIENTED_EDGE('',*,*,#1258,.F.);
#1644=ORIENTED_EDGE('',*,*,#1259,.F.);
#1645=ORIENTED_EDGE('',*,*,#1162,.F.);
#1646=ORIENTED_EDGE('',*,*,#1260,.F.);
#1647=ORIENTED_EDGE('',*,*,#1261,.F.);
#1648=ORIENTED_EDGE('',*,*,#1262,.F.);
#1649=ORIENTED_EDGE('',*,*,#1158,.F.);
#1650=ORIENTED_EDGE('',*,*,#1263,.F.);
#1651=ORIENTED_EDGE('',*,*,#1264,.F.);
#1652=ORIENTED_EDGE('',*,*,#1265,.F.);
#1653=ORIENTED_EDGE('',*,*,#1154,.F.);
#1654=ORIENTED_EDGE('',*,*,#1266,.F.);
#1655=ORIENTED_EDGE('',*,*,#1267,.F.);
#1656=ORIENTED_EDGE('',*,*,#1268,.F.);
#1657=ORIENTED_EDGE('',*,*,#1150,.F.);
#1658=ORIENTED_EDGE('',*,*,#1269,.F.);
#1659=ORIENTED_EDGE('',*,*,#1270,.F.);
#1660=ORIENTED_EDGE('',*,*,#1144,.F.);
#1661=ORIENTED_EDGE('',*,*,#1271,.F.);
#1662=ORIENTED_EDGE('',*,*,#1272,.F.);
#1663=ORIENTED_EDGE('',*,*,#1273,.F.);
#1664=ORIENTED_EDGE('',*,*,#1274,.F.);
#1665=ORIENTED_EDGE('',*,*,#1275,.F.);
#1666=ORIENTED_EDGE('',*,*,#1276,.F.);
#1667=ORIENTED_EDGE('',*,*,#1277,.F.);
#1668=ORIENTED_EDGE('',*,*,#1278,.F.);
#1669=ORIENTED_EDGE('',*,*,#1279,.F.);
#1670=ORIENTED_EDGE('',*,*,#1280,.F.);
#1671=ORIENTED_EDGE('',*,*,#1281,.F.);
#1672=ORIENTED_EDGE('',*,*,#1282,.F.);
#1673=ORIENTED_EDGE('',*,*,#1283,.F.);
#1674=ORIENTED_EDGE('',*,*,#1284,.F.);
#1675=ORIENTED_EDGE('',*,*,#1285,.F.);
#1676=ORIENTED_EDGE('',*,*,#1284,.T.);
#1677=ORIENTED_EDGE('',*,*,#1286,.F.);
#1678=ORIENTED_EDGE('',*,*,#1287,.F.);
#1679=ORIENTED_EDGE('',*,*,#1288,.T.);
#1680=ORIENTED_EDGE('',*,*,#1283,.T.);
#1681=ORIENTED_EDGE('',*,*,#1289,.F.);
#1682=ORIENTED_EDGE('',*,*,#1290,.F.);
#1683=ORIENTED_EDGE('',*,*,#1286,.T.);
#1684=ORIENTED_EDGE('',*,*,#1280,.T.);
#1685=ORIENTED_EDGE('',*,*,#1291,.F.);
#1686=ORIENTED_EDGE('',*,*,#1292,.F.);
#1687=ORIENTED_EDGE('',*,*,#1293,.T.);
#1688=ORIENTED_EDGE('',*,*,#1279,.T.);
#1689=ORIENTED_EDGE('',*,*,#1294,.F.);
#1690=ORIENTED_EDGE('',*,*,#1295,.F.);
#1691=ORIENTED_EDGE('',*,*,#1291,.T.);
#1692=ORIENTED_EDGE('',*,*,#1276,.T.);
#1693=ORIENTED_EDGE('',*,*,#1296,.F.);
#1694=ORIENTED_EDGE('',*,*,#1297,.F.);
#1695=ORIENTED_EDGE('',*,*,#1298,.T.);
#1696=ORIENTED_EDGE('',*,*,#1275,.T.);
#1697=ORIENTED_EDGE('',*,*,#1299,.F.);
#1698=ORIENTED_EDGE('',*,*,#1300,.F.);
#1699=ORIENTED_EDGE('',*,*,#1296,.T.);
#1700=ORIENTED_EDGE('',*,*,#1123,.F.);
#1701=ORIENTED_EDGE('',*,*,#1129,.T.);
#1702=ORIENTED_EDGE('',*,*,#1137,.F.);
#1703=ORIENTED_EDGE('',*,*,#1142,.T.);
#1704=ORIENTED_EDGE('',*,*,#1301,.T.);
#1705=ORIENTED_EDGE('',*,*,#1302,.F.);
#1706=ORIENTED_EDGE('',*,*,#1303,.T.);
#1707=ORIENTED_EDGE('',*,*,#1147,.F.);
#1708=ORIENTED_EDGE('',*,*,#1273,.T.);
#1709=ORIENTED_EDGE('',*,*,#1304,.F.);
#1710=ORIENTED_EDGE('',*,*,#1305,.F.);
#1711=ORIENTED_EDGE('',*,*,#1301,.F.);
#1712=ORIENTED_EDGE('',*,*,#1140,.F.);
#1713=ORIENTED_EDGE('',*,*,#1207,.T.);
#1714=ORIENTED_EDGE('',*,*,#1306,.F.);
#1715=ORIENTED_EDGE('',*,*,#1307,.F.);
#1716=ORIENTED_EDGE('',*,*,#1308,.T.);
#1717=ORIENTED_EDGE('',*,*,#1206,.T.);
#1718=ORIENTED_EDGE('',*,*,#1309,.F.);
#1719=ORIENTED_EDGE('',*,*,#1210,.T.);
#1720=ORIENTED_EDGE('',*,*,#1310,.F.);
#1721=ORIENTED_EDGE('',*,*,#1311,.F.);
#1722=ORIENTED_EDGE('',*,*,#1306,.T.);
#1723=ORIENTED_EDGE('',*,*,#1203,.T.);
#1724=ORIENTED_EDGE('',*,*,#1312,.F.);
#1725=ORIENTED_EDGE('',*,*,#1313,.F.);
#1726=ORIENTED_EDGE('',*,*,#1314,.T.);
#1727=ORIENTED_EDGE('',*,*,#1202,.T.);
#1728=ORIENTED_EDGE('',*,*,#1315,.F.);
#1729=ORIENTED_EDGE('',*,*,#1316,.F.);
#1730=ORIENTED_EDGE('',*,*,#1312,.T.);
#1731=ORIENTED_EDGE('',*,*,#1201,.T.);
#1732=ORIENTED_EDGE('',*,*,#1317,.F.);
#1733=ORIENTED_EDGE('',*,*,#1318,.F.);
#1734=ORIENTED_EDGE('',*,*,#1315,.T.);
#1735=ORIENTED_EDGE('',*,*,#1204,.T.);
#1736=ORIENTED_EDGE('',*,*,#1314,.F.);
#1737=ORIENTED_EDGE('',*,*,#1319,.F.);
#1738=ORIENTED_EDGE('',*,*,#1317,.T.);
#1739=ORIENTED_EDGE('',*,*,#1200,.T.);
#1740=ORIENTED_EDGE('',*,*,#1320,.F.);
#1741=ORIENTED_EDGE('',*,*,#1197,.T.);
#1742=ORIENTED_EDGE('',*,*,#1321,.F.);
#1743=ORIENTED_EDGE('',*,*,#1322,.F.);
#1744=ORIENTED_EDGE('',*,*,#1323,.T.);
#1745=ORIENTED_EDGE('',*,*,#1196,.T.);
#1746=ORIENTED_EDGE('',*,*,#1324,.F.);
#1747=ORIENTED_EDGE('',*,*,#1325,.F.);
#1748=ORIENTED_EDGE('',*,*,#1321,.T.);
#1749=ORIENTED_EDGE('',*,*,#1195,.T.);
#1750=ORIENTED_EDGE('',*,*,#1326,.F.);
#1751=ORIENTED_EDGE('',*,*,#1327,.F.);
#1752=ORIENTED_EDGE('',*,*,#1324,.T.);
#1753=ORIENTED_EDGE('',*,*,#1198,.T.);
#1754=ORIENTED_EDGE('',*,*,#1323,.F.);
#1755=ORIENTED_EDGE('',*,*,#1328,.F.);
#1756=ORIENTED_EDGE('',*,*,#1326,.T.);
#1757=ORIENTED_EDGE('',*,*,#1194,.T.);
#1758=ORIENTED_EDGE('',*,*,#1329,.F.);
#1759=ORIENTED_EDGE('',*,*,#1191,.T.);
#1760=ORIENTED_EDGE('',*,*,#1330,.F.);
#1761=ORIENTED_EDGE('',*,*,#1331,.F.);
#1762=ORIENTED_EDGE('',*,*,#1332,.T.);
#1763=ORIENTED_EDGE('',*,*,#1190,.T.);
#1764=ORIENTED_EDGE('',*,*,#1333,.F.);
#1765=ORIENTED_EDGE('',*,*,#1334,.F.);
#1766=ORIENTED_EDGE('',*,*,#1330,.T.);
#1767=ORIENTED_EDGE('',*,*,#1189,.T.);
#1768=ORIENTED_EDGE('',*,*,#1335,.F.);
#1769=ORIENTED_EDGE('',*,*,#1336,.F.);
#1770=ORIENTED_EDGE('',*,*,#1333,.T.);
#1771=ORIENTED_EDGE('',*,*,#1192,.T.);
#1772=ORIENTED_EDGE('',*,*,#1332,.F.);
#1773=ORIENTED_EDGE('',*,*,#1337,.F.);
#1774=ORIENTED_EDGE('',*,*,#1335,.T.);
#1775=ORIENTED_EDGE('',*,*,#1188,.T.);
#1776=ORIENTED_EDGE('',*,*,#1338,.F.);
#1777=ORIENTED_EDGE('',*,*,#1185,.T.);
#1778=ORIENTED_EDGE('',*,*,#1339,.F.);
#1779=ORIENTED_EDGE('',*,*,#1340,.F.);
#1780=ORIENTED_EDGE('',*,*,#1341,.T.);
#1781=ORIENTED_EDGE('',*,*,#1184,.T.);
#1782=ORIENTED_EDGE('',*,*,#1342,.F.);
#1783=ORIENTED_EDGE('',*,*,#1343,.F.);
#1784=ORIENTED_EDGE('',*,*,#1339,.T.);
#1785=ORIENTED_EDGE('',*,*,#1183,.T.);
#1786=ORIENTED_EDGE('',*,*,#1344,.F.);
#1787=ORIENTED_EDGE('',*,*,#1345,.F.);
#1788=ORIENTED_EDGE('',*,*,#1342,.T.);
#1789=ORIENTED_EDGE('',*,*,#1186,.T.);
#1790=ORIENTED_EDGE('',*,*,#1341,.F.);
#1791=ORIENTED_EDGE('',*,*,#1346,.F.);
#1792=ORIENTED_EDGE('',*,*,#1344,.T.);
#1793=ORIENTED_EDGE('',*,*,#1182,.T.);
#1794=ORIENTED_EDGE('',*,*,#1347,.F.);
#1795=ORIENTED_EDGE('',*,*,#1179,.T.);
#1796=ORIENTED_EDGE('',*,*,#1348,.F.);
#1797=ORIENTED_EDGE('',*,*,#1349,.F.);
#1798=ORIENTED_EDGE('',*,*,#1350,.T.);
#1799=ORIENTED_EDGE('',*,*,#1178,.T.);
#1800=ORIENTED_EDGE('',*,*,#1351,.F.);
#1801=ORIENTED_EDGE('',*,*,#1352,.F.);
#1802=ORIENTED_EDGE('',*,*,#1348,.T.);
#1803=ORIENTED_EDGE('',*,*,#1177,.T.);
#1804=ORIENTED_EDGE('',*,*,#1353,.F.);
#1805=ORIENTED_EDGE('',*,*,#1354,.F.);
#1806=ORIENTED_EDGE('',*,*,#1351,.T.);
#1807=ORIENTED_EDGE('',*,*,#1180,.T.);
#1808=ORIENTED_EDGE('',*,*,#1350,.F.);
#1809=ORIENTED_EDGE('',*,*,#1355,.F.);
#1810=ORIENTED_EDGE('',*,*,#1353,.T.);
#1811=ORIENTED_EDGE('',*,*,#1176,.T.);
#1812=ORIENTED_EDGE('',*,*,#1356,.F.);
#1813=ORIENTED_EDGE('',*,*,#1173,.T.);
#1814=ORIENTED_EDGE('',*,*,#1357,.F.);
#1815=ORIENTED_EDGE('',*,*,#1358,.F.);
#1816=ORIENTED_EDGE('',*,*,#1359,.T.);
#1817=ORIENTED_EDGE('',*,*,#1172,.T.);
#1818=ORIENTED_EDGE('',*,*,#1360,.F.);
#1819=ORIENTED_EDGE('',*,*,#1361,.F.);
#1820=ORIENTED_EDGE('',*,*,#1357,.T.);
#1821=ORIENTED_EDGE('',*,*,#1171,.T.);
#1822=ORIENTED_EDGE('',*,*,#1362,.F.);
#1823=ORIENTED_EDGE('',*,*,#1363,.F.);
#1824=ORIENTED_EDGE('',*,*,#1360,.T.);
#1825=ORIENTED_EDGE('',*,*,#1174,.T.);
#1826=ORIENTED_EDGE('',*,*,#1359,.F.);
#1827=ORIENTED_EDGE('',*,*,#1364,.F.);
#1828=ORIENTED_EDGE('',*,*,#1362,.T.);
#1829=ORIENTED_EDGE('',*,*,#1170,.T.);
#1830=ORIENTED_EDGE('',*,*,#1365,.F.);
#1831=ORIENTED_EDGE('',*,*,#1167,.T.);
#1832=ORIENTED_EDGE('',*,*,#1366,.F.);
#1833=ORIENTED_EDGE('',*,*,#1367,.F.);
#1834=ORIENTED_EDGE('',*,*,#1368,.T.);
#1835=ORIENTED_EDGE('',*,*,#1166,.T.);
#1836=ORIENTED_EDGE('',*,*,#1369,.F.);
#1837=ORIENTED_EDGE('',*,*,#1370,.F.);
#1838=ORIENTED_EDGE('',*,*,#1366,.T.);
#1839=ORIENTED_EDGE('',*,*,#1165,.T.);
#1840=ORIENTED_EDGE('',*,*,#1371,.F.);
#1841=ORIENTED_EDGE('',*,*,#1372,.F.);
#1842=ORIENTED_EDGE('',*,*,#1369,.T.);
#1843=ORIENTED_EDGE('',*,*,#1168,.T.);
#1844=ORIENTED_EDGE('',*,*,#1368,.F.);
#1845=ORIENTED_EDGE('',*,*,#1373,.F.);
#1846=ORIENTED_EDGE('',*,*,#1371,.T.);
#1847=ORIENTED_EDGE('',*,*,#1164,.T.);
#1848=ORIENTED_EDGE('',*,*,#1374,.F.);
#1849=ORIENTED_EDGE('',*,*,#1375,.T.);
#1850=ORIENTED_EDGE('',*,*,#1205,.T.);
#1851=ORIENTED_EDGE('',*,*,#1320,.T.);
#1852=ORIENTED_EDGE('',*,*,#1199,.T.);
#1853=ORIENTED_EDGE('',*,*,#1329,.T.);
#1854=ORIENTED_EDGE('',*,*,#1193,.T.);
#1855=ORIENTED_EDGE('',*,*,#1338,.T.);
#1856=ORIENTED_EDGE('',*,*,#1187,.T.);
#1857=ORIENTED_EDGE('',*,*,#1347,.T.);
#1858=ORIENTED_EDGE('',*,*,#1181,.T.);
#1859=ORIENTED_EDGE('',*,*,#1356,.T.);
#1860=ORIENTED_EDGE('',*,*,#1175,.T.);
#1861=ORIENTED_EDGE('',*,*,#1365,.T.);
#1862=ORIENTED_EDGE('',*,*,#1169,.T.);
#1863=ORIENTED_EDGE('',*,*,#1374,.T.);
#1864=ORIENTED_EDGE('',*,*,#1163,.T.);
#1865=ORIENTED_EDGE('',*,*,#1259,.T.);
#1866=ORIENTED_EDGE('',*,*,#1376,.T.);
#1867=ORIENTED_EDGE('',*,*,#1253,.T.);
#1868=ORIENTED_EDGE('',*,*,#1377,.T.);
#1869=ORIENTED_EDGE('',*,*,#1247,.T.);
#1870=ORIENTED_EDGE('',*,*,#1378,.T.);
#1871=ORIENTED_EDGE('',*,*,#1241,.T.);
#1872=ORIENTED_EDGE('',*,*,#1379,.T.);
#1873=ORIENTED_EDGE('',*,*,#1235,.T.);
#1874=ORIENTED_EDGE('',*,*,#1380,.T.);
#1875=ORIENTED_EDGE('',*,*,#1229,.T.);
#1876=ORIENTED_EDGE('',*,*,#1381,.T.);
#1877=ORIENTED_EDGE('',*,*,#1223,.T.);
#1878=ORIENTED_EDGE('',*,*,#1382,.T.);
#1879=ORIENTED_EDGE('',*,*,#1217,.T.);
#1880=ORIENTED_EDGE('',*,*,#1383,.T.);
#1881=ORIENTED_EDGE('',*,*,#1211,.T.);
#1882=ORIENTED_EDGE('',*,*,#1309,.T.);
#1883=ORIENTED_EDGE('',*,*,#1257,.T.);
#1884=ORIENTED_EDGE('',*,*,#1384,.F.);
#1885=ORIENTED_EDGE('',*,*,#1385,.F.);
#1886=ORIENTED_EDGE('',*,*,#1386,.T.);
#1887=ORIENTED_EDGE('',*,*,#1258,.T.);
#1888=ORIENTED_EDGE('',*,*,#1386,.F.);
#1889=ORIENTED_EDGE('',*,*,#1387,.F.);
#1890=ORIENTED_EDGE('',*,*,#1388,.T.);
#1891=ORIENTED_EDGE('',*,*,#1254,.T.);
#1892=ORIENTED_EDGE('',*,*,#1376,.F.);
#1893=ORIENTED_EDGE('',*,*,#1256,.T.);
#1894=ORIENTED_EDGE('',*,*,#1389,.F.);
#1895=ORIENTED_EDGE('',*,*,#1390,.F.);
#1896=ORIENTED_EDGE('',*,*,#1384,.T.);
#1897=ORIENTED_EDGE('',*,*,#1270,.T.);
#1898=ORIENTED_EDGE('',*,*,#1391,.F.);
#1899=ORIENTED_EDGE('',*,*,#1392,.F.);
#1900=ORIENTED_EDGE('',*,*,#1131,.F.);
#1901=ORIENTED_EDGE('',*,*,#1145,.F.);
#1902=ORIENTED_EDGE('',*,*,#1151,.T.);
#1903=ORIENTED_EDGE('',*,*,#1268,.T.);
#1904=ORIENTED_EDGE('',*,*,#1393,.F.);
#1905=ORIENTED_EDGE('',*,*,#1394,.F.);
#1906=ORIENTED_EDGE('',*,*,#1395,.T.);
#1907=ORIENTED_EDGE('',*,*,#1267,.T.);
#1908=ORIENTED_EDGE('',*,*,#1396,.F.);
#1909=ORIENTED_EDGE('',*,*,#1397,.F.);
#1910=ORIENTED_EDGE('',*,*,#1393,.T.);
#1911=ORIENTED_EDGE('',*,*,#1155,.T.);
#1912=ORIENTED_EDGE('',*,*,#1265,.T.);
#1913=ORIENTED_EDGE('',*,*,#1398,.F.);
#1914=ORIENTED_EDGE('',*,*,#1399,.F.);
#1915=ORIENTED_EDGE('',*,*,#1400,.T.);
#1916=ORIENTED_EDGE('',*,*,#1264,.T.);
#1917=ORIENTED_EDGE('',*,*,#1401,.F.);
#1918=ORIENTED_EDGE('',*,*,#1402,.F.);
#1919=ORIENTED_EDGE('',*,*,#1398,.T.);
#1920=ORIENTED_EDGE('',*,*,#1159,.T.);
#1921=ORIENTED_EDGE('',*,*,#1262,.T.);
#1922=ORIENTED_EDGE('',*,*,#1403,.F.);
#1923=ORIENTED_EDGE('',*,*,#1404,.F.);
#1924=ORIENTED_EDGE('',*,*,#1405,.T.);
#1925=ORIENTED_EDGE('',*,*,#1261,.T.);
#1926=ORIENTED_EDGE('',*,*,#1406,.F.);
#1927=ORIENTED_EDGE('',*,*,#1407,.F.);
#1928=ORIENTED_EDGE('',*,*,#1403,.T.);
#1929=ORIENTED_EDGE('',*,*,#1243,.T.);
#1930=ORIENTED_EDGE('',*,*,#1408,.F.);
#1931=ORIENTED_EDGE('',*,*,#1409,.F.);
#1932=ORIENTED_EDGE('',*,*,#1410,.T.);
#1933=ORIENTED_EDGE('',*,*,#1244,.T.);
#1934=ORIENTED_EDGE('',*,*,#1410,.F.);
#1935=ORIENTED_EDGE('',*,*,#1411,.F.);
#1936=ORIENTED_EDGE('',*,*,#1412,.T.);
#1937=ORIENTED_EDGE('',*,*,#1245,.T.);
#1938=ORIENTED_EDGE('',*,*,#1412,.F.);
#1939=ORIENTED_EDGE('',*,*,#1413,.F.);
#1940=ORIENTED_EDGE('',*,*,#1414,.T.);
#1941=ORIENTED_EDGE('',*,*,#1242,.T.);
#1942=ORIENTED_EDGE('',*,*,#1378,.F.);
#1943=ORIENTED_EDGE('',*,*,#1246,.T.);
#1944=ORIENTED_EDGE('',*,*,#1414,.F.);
#1945=ORIENTED_EDGE('',*,*,#1415,.F.);
#1946=ORIENTED_EDGE('',*,*,#1408,.T.);
#1947=ORIENTED_EDGE('',*,*,#1219,.T.);
#1948=ORIENTED_EDGE('',*,*,#1416,.F.);
#1949=ORIENTED_EDGE('',*,*,#1417,.F.);
#1950=ORIENTED_EDGE('',*,*,#1418,.T.);
#1951=ORIENTED_EDGE('',*,*,#1220,.T.);
#1952=ORIENTED_EDGE('',*,*,#1418,.F.);
#1953=ORIENTED_EDGE('',*,*,#1419,.F.);
#1954=ORIENTED_EDGE('',*,*,#1420,.T.);
#1955=ORIENTED_EDGE('',*,*,#1221,.T.);
#1956=ORIENTED_EDGE('',*,*,#1420,.F.);
#1957=ORIENTED_EDGE('',*,*,#1421,.F.);
#1958=ORIENTED_EDGE('',*,*,#1422,.T.);
#1959=ORIENTED_EDGE('',*,*,#1218,.T.);
#1960=ORIENTED_EDGE('',*,*,#1382,.F.);
#1961=ORIENTED_EDGE('',*,*,#1222,.T.);
#1962=ORIENTED_EDGE('',*,*,#1422,.F.);
#1963=ORIENTED_EDGE('',*,*,#1423,.F.);
#1964=ORIENTED_EDGE('',*,*,#1416,.T.);
#1965=ORIENTED_EDGE('',*,*,#1282,.T.);
#1966=ORIENTED_EDGE('',*,*,#1424,.F.);
#1967=ORIENTED_EDGE('',*,*,#1425,.F.);
#1968=ORIENTED_EDGE('',*,*,#1289,.T.);
#1969=ORIENTED_EDGE('',*,*,#1285,.T.);
#1970=ORIENTED_EDGE('',*,*,#1288,.F.);
#1971=ORIENTED_EDGE('',*,*,#1426,.F.);
#1972=ORIENTED_EDGE('',*,*,#1424,.T.);
#1973=ORIENTED_EDGE('',*,*,#1278,.T.);
#1974=ORIENTED_EDGE('',*,*,#1427,.F.);
#1975=ORIENTED_EDGE('',*,*,#1428,.F.);
#1976=ORIENTED_EDGE('',*,*,#1294,.T.);
#1977=ORIENTED_EDGE('',*,*,#1281,.T.);
#1978=ORIENTED_EDGE('',*,*,#1293,.F.);
#1979=ORIENTED_EDGE('',*,*,#1429,.F.);
#1980=ORIENTED_EDGE('',*,*,#1427,.T.);
#1981=ORIENTED_EDGE('',*,*,#1212,.T.);
#1982=ORIENTED_EDGE('',*,*,#1383,.F.);
#1983=ORIENTED_EDGE('',*,*,#1216,.T.);
#1984=ORIENTED_EDGE('',*,*,#1430,.F.);
#1985=ORIENTED_EDGE('',*,*,#1431,.F.);
#1986=ORIENTED_EDGE('',*,*,#1432,.T.);
#1987=ORIENTED_EDGE('',*,*,#1213,.T.);
#1988=ORIENTED_EDGE('',*,*,#1432,.F.);
#1989=ORIENTED_EDGE('',*,*,#1433,.F.);
#1990=ORIENTED_EDGE('',*,*,#1434,.T.);
#1991=ORIENTED_EDGE('',*,*,#1214,.T.);
#1992=ORIENTED_EDGE('',*,*,#1434,.F.);
#1993=ORIENTED_EDGE('',*,*,#1435,.F.);
#1994=ORIENTED_EDGE('',*,*,#1436,.T.);
#1995=ORIENTED_EDGE('',*,*,#1215,.T.);
#1996=ORIENTED_EDGE('',*,*,#1436,.F.);
#1997=ORIENTED_EDGE('',*,*,#1437,.F.);
#1998=ORIENTED_EDGE('',*,*,#1430,.T.);
#1999=ORIENTED_EDGE('',*,*,#1251,.T.);
#2000=ORIENTED_EDGE('',*,*,#1438,.F.);
#2001=ORIENTED_EDGE('',*,*,#1439,.F.);
#2002=ORIENTED_EDGE('',*,*,#1440,.T.);
#2003=ORIENTED_EDGE('',*,*,#1248,.T.);
#2004=ORIENTED_EDGE('',*,*,#1377,.F.);
#2005=ORIENTED_EDGE('',*,*,#1252,.T.);
#2006=ORIENTED_EDGE('',*,*,#1440,.F.);
#2007=ORIENTED_EDGE('',*,*,#1441,.F.);
#2008=ORIENTED_EDGE('',*,*,#1442,.T.);
#2009=ORIENTED_EDGE('',*,*,#1249,.T.);
#2010=ORIENTED_EDGE('',*,*,#1442,.F.);
#2011=ORIENTED_EDGE('',*,*,#1443,.F.);
#2012=ORIENTED_EDGE('',*,*,#1444,.T.);
#2013=ORIENTED_EDGE('',*,*,#1250,.T.);
#2014=ORIENTED_EDGE('',*,*,#1444,.F.);
#2015=ORIENTED_EDGE('',*,*,#1445,.F.);
#2016=ORIENTED_EDGE('',*,*,#1438,.T.);
#2017=ORIENTED_EDGE('',*,*,#1239,.T.);
#2018=ORIENTED_EDGE('',*,*,#1446,.F.);
#2019=ORIENTED_EDGE('',*,*,#1447,.F.);
#2020=ORIENTED_EDGE('',*,*,#1448,.T.);
#2021=ORIENTED_EDGE('',*,*,#1236,.T.);
#2022=ORIENTED_EDGE('',*,*,#1379,.F.);
#2023=ORIENTED_EDGE('',*,*,#1240,.T.);
#2024=ORIENTED_EDGE('',*,*,#1448,.F.);
#2025=ORIENTED_EDGE('',*,*,#1449,.F.);
#2026=ORIENTED_EDGE('',*,*,#1450,.T.);
#2027=ORIENTED_EDGE('',*,*,#1237,.T.);
#2028=ORIENTED_EDGE('',*,*,#1450,.F.);
#2029=ORIENTED_EDGE('',*,*,#1451,.F.);
#2030=ORIENTED_EDGE('',*,*,#1452,.T.);
#2031=ORIENTED_EDGE('',*,*,#1238,.T.);
#2032=ORIENTED_EDGE('',*,*,#1452,.F.);
#2033=ORIENTED_EDGE('',*,*,#1453,.F.);
#2034=ORIENTED_EDGE('',*,*,#1446,.T.);
#2035=ORIENTED_EDGE('',*,*,#1224,.T.);
#2036=ORIENTED_EDGE('',*,*,#1381,.F.);
#2037=ORIENTED_EDGE('',*,*,#1228,.T.);
#2038=ORIENTED_EDGE('',*,*,#1454,.F.);
#2039=ORIENTED_EDGE('',*,*,#1455,.F.);
#2040=ORIENTED_EDGE('',*,*,#1456,.T.);
#2041=ORIENTED_EDGE('',*,*,#1225,.T.);
#2042=ORIENTED_EDGE('',*,*,#1456,.F.);
#2043=ORIENTED_EDGE('',*,*,#1457,.F.);
#2044=ORIENTED_EDGE('',*,*,#1458,.T.);
#2045=ORIENTED_EDGE('',*,*,#1226,.T.);
#2046=ORIENTED_EDGE('',*,*,#1458,.F.);
#2047=ORIENTED_EDGE('',*,*,#1459,.F.);
#2048=ORIENTED_EDGE('',*,*,#1460,.T.);
#2049=ORIENTED_EDGE('',*,*,#1227,.T.);
#2050=ORIENTED_EDGE('',*,*,#1460,.F.);
#2051=ORIENTED_EDGE('',*,*,#1461,.F.);
#2052=ORIENTED_EDGE('',*,*,#1454,.T.);
#2053=ORIENTED_EDGE('',*,*,#1274,.T.);
#2054=ORIENTED_EDGE('',*,*,#1462,.F.);
#2055=ORIENTED_EDGE('',*,*,#1463,.F.);
#2056=ORIENTED_EDGE('',*,*,#1299,.T.);
#2057=ORIENTED_EDGE('',*,*,#1277,.T.);
#2058=ORIENTED_EDGE('',*,*,#1298,.F.);
#2059=ORIENTED_EDGE('',*,*,#1464,.F.);
#2060=ORIENTED_EDGE('',*,*,#1462,.T.);
#2061=ORIENTED_EDGE('',*,*,#1208,.T.);
#2062=ORIENTED_EDGE('',*,*,#1308,.F.);
#2063=ORIENTED_EDGE('',*,*,#1465,.F.);
#2064=ORIENTED_EDGE('',*,*,#1466,.T.);
#2065=ORIENTED_EDGE('',*,*,#1209,.T.);
#2066=ORIENTED_EDGE('',*,*,#1466,.F.);
#2067=ORIENTED_EDGE('',*,*,#1467,.F.);
#2068=ORIENTED_EDGE('',*,*,#1310,.T.);
#2069=ORIENTED_EDGE('',*,*,#1272,.T.);
#2070=ORIENTED_EDGE('',*,*,#1468,.F.);
#2071=ORIENTED_EDGE('',*,*,#1469,.F.);
#2072=ORIENTED_EDGE('',*,*,#1304,.T.);
#2073=ORIENTED_EDGE('',*,*,#1271,.T.);
#2074=ORIENTED_EDGE('',*,*,#1143,.T.);
#2075=ORIENTED_EDGE('',*,*,#1303,.F.);
#2076=ORIENTED_EDGE('',*,*,#1470,.F.);
#2077=ORIENTED_EDGE('',*,*,#1468,.T.);
#2078=ORIENTED_EDGE('',*,*,#1231,.T.);
#2079=ORIENTED_EDGE('',*,*,#1471,.F.);
#2080=ORIENTED_EDGE('',*,*,#1472,.F.);
#2081=ORIENTED_EDGE('',*,*,#1473,.T.);
#2082=ORIENTED_EDGE('',*,*,#1232,.T.);
#2083=ORIENTED_EDGE('',*,*,#1473,.F.);
#2084=ORIENTED_EDGE('',*,*,#1474,.F.);
#2085=ORIENTED_EDGE('',*,*,#1475,.T.);
#2086=ORIENTED_EDGE('',*,*,#1233,.T.);
#2087=ORIENTED_EDGE('',*,*,#1475,.F.);
#2088=ORIENTED_EDGE('',*,*,#1476,.F.);
#2089=ORIENTED_EDGE('',*,*,#1477,.T.);
#2090=ORIENTED_EDGE('',*,*,#1230,.T.);
#2091=ORIENTED_EDGE('',*,*,#1380,.F.);
#2092=ORIENTED_EDGE('',*,*,#1234,.T.);
#2093=ORIENTED_EDGE('',*,*,#1477,.F.);
#2094=ORIENTED_EDGE('',*,*,#1478,.F.);
#2095=ORIENTED_EDGE('',*,*,#1471,.T.);
#2096=ORIENTED_EDGE('',*,*,#1255,.T.);
#2097=ORIENTED_EDGE('',*,*,#1388,.F.);
#2098=ORIENTED_EDGE('',*,*,#1479,.F.);
#2099=ORIENTED_EDGE('',*,*,#1389,.T.);
#2100=ORIENTED_EDGE('',*,*,#1269,.T.);
#2101=ORIENTED_EDGE('',*,*,#1149,.T.);
#2102=ORIENTED_EDGE('',*,*,#1480,.F.);
#2103=ORIENTED_EDGE('',*,*,#1481,.F.);
#2104=ORIENTED_EDGE('',*,*,#1391,.T.);
#2105=ORIENTED_EDGE('',*,*,#1148,.T.);
#2106=ORIENTED_EDGE('',*,*,#1138,.T.);
#2107=ORIENTED_EDGE('',*,*,#1133,.F.);
#2108=ORIENTED_EDGE('',*,*,#1482,.F.);
#2109=ORIENTED_EDGE('',*,*,#1480,.T.);
#2110=ORIENTED_EDGE('',*,*,#1266,.T.);
#2111=ORIENTED_EDGE('',*,*,#1153,.T.);
#2112=ORIENTED_EDGE('',*,*,#1483,.F.);
#2113=ORIENTED_EDGE('',*,*,#1484,.F.);
#2114=ORIENTED_EDGE('',*,*,#1396,.T.);
#2115=ORIENTED_EDGE('',*,*,#1152,.T.);
#2116=ORIENTED_EDGE('',*,*,#1395,.F.);
#2117=ORIENTED_EDGE('',*,*,#1485,.F.);
#2118=ORIENTED_EDGE('',*,*,#1483,.T.);
#2119=ORIENTED_EDGE('',*,*,#1263,.T.);
#2120=ORIENTED_EDGE('',*,*,#1157,.T.);
#2121=ORIENTED_EDGE('',*,*,#1486,.F.);
#2122=ORIENTED_EDGE('',*,*,#1487,.F.);
#2123=ORIENTED_EDGE('',*,*,#1401,.T.);
#2124=ORIENTED_EDGE('',*,*,#1156,.T.);
#2125=ORIENTED_EDGE('',*,*,#1400,.F.);
#2126=ORIENTED_EDGE('',*,*,#1488,.F.);
#2127=ORIENTED_EDGE('',*,*,#1486,.T.);
#2128=ORIENTED_EDGE('',*,*,#1260,.T.);
#2129=ORIENTED_EDGE('',*,*,#1161,.T.);
#2130=ORIENTED_EDGE('',*,*,#1489,.F.);
#2131=ORIENTED_EDGE('',*,*,#1490,.F.);
#2132=ORIENTED_EDGE('',*,*,#1406,.T.);
#2133=ORIENTED_EDGE('',*,*,#1160,.T.);
#2134=ORIENTED_EDGE('',*,*,#1405,.F.);
#2135=ORIENTED_EDGE('',*,*,#1491,.F.);
#2136=ORIENTED_EDGE('',*,*,#1489,.T.);
#2137=ORIENTED_EDGE('',*,*,#1492,.T.);
#2138=ORIENTED_EDGE('',*,*,#1493,.T.);
#2139=ORIENTED_EDGE('',*,*,#1494,.T.);
#2140=ORIENTED_EDGE('',*,*,#1493,.F.);
#2141=ORIENTED_EDGE('',*,*,#1375,.F.);
#2142=ORIENTED_EDGE('',*,*,#1495,.T.);
#2143=ORIENTED_EDGE('',*,*,#1492,.F.);
#2144=ORIENTED_EDGE('',*,*,#1495,.F.);
#2145=ORIENTED_EDGE('',*,*,#1494,.F.);
#2146=ORIENTED_EDGE('',*,*,#1409,.T.);
#2147=ORIENTED_EDGE('',*,*,#1415,.T.);
#2148=ORIENTED_EDGE('',*,*,#1413,.T.);
#2149=ORIENTED_EDGE('',*,*,#1411,.T.);
#2150=ORIENTED_EDGE('',*,*,#1417,.T.);
#2151=ORIENTED_EDGE('',*,*,#1423,.T.);
#2152=ORIENTED_EDGE('',*,*,#1421,.T.);
#2153=ORIENTED_EDGE('',*,*,#1419,.T.);
#2154=ORIENTED_EDGE('',*,*,#1425,.T.);
#2155=ORIENTED_EDGE('',*,*,#1426,.T.);
#2156=ORIENTED_EDGE('',*,*,#1287,.T.);
#2157=ORIENTED_EDGE('',*,*,#1290,.T.);
#2158=ORIENTED_EDGE('',*,*,#1327,.T.);
#2159=ORIENTED_EDGE('',*,*,#1328,.T.);
#2160=ORIENTED_EDGE('',*,*,#1322,.T.);
#2161=ORIENTED_EDGE('',*,*,#1325,.T.);
#2162=ORIENTED_EDGE('',*,*,#1358,.T.);
#2163=ORIENTED_EDGE('',*,*,#1361,.T.);
#2164=ORIENTED_EDGE('',*,*,#1363,.T.);
#2165=ORIENTED_EDGE('',*,*,#1364,.T.);
#2166=ORIENTED_EDGE('',*,*,#1349,.T.);
#2167=ORIENTED_EDGE('',*,*,#1352,.T.);
#2168=ORIENTED_EDGE('',*,*,#1354,.T.);
#2169=ORIENTED_EDGE('',*,*,#1355,.T.);
#2170=ORIENTED_EDGE('',*,*,#1318,.T.);
#2171=ORIENTED_EDGE('',*,*,#1319,.T.);
#2172=ORIENTED_EDGE('',*,*,#1313,.T.);
#2173=ORIENTED_EDGE('',*,*,#1316,.T.);
#2174=ORIENTED_EDGE('',*,*,#1428,.T.);
#2175=ORIENTED_EDGE('',*,*,#1429,.T.);
#2176=ORIENTED_EDGE('',*,*,#1292,.T.);
#2177=ORIENTED_EDGE('',*,*,#1295,.T.);
#2178=ORIENTED_EDGE('',*,*,#1431,.T.);
#2179=ORIENTED_EDGE('',*,*,#1437,.T.);
#2180=ORIENTED_EDGE('',*,*,#1435,.T.);
#2181=ORIENTED_EDGE('',*,*,#1433,.T.);
#2182=ORIENTED_EDGE('',*,*,#1439,.T.);
#2183=ORIENTED_EDGE('',*,*,#1445,.T.);
#2184=ORIENTED_EDGE('',*,*,#1443,.T.);
#2185=ORIENTED_EDGE('',*,*,#1441,.T.);
#2186=ORIENTED_EDGE('',*,*,#1447,.T.);
#2187=ORIENTED_EDGE('',*,*,#1453,.T.);
#2188=ORIENTED_EDGE('',*,*,#1451,.T.);
#2189=ORIENTED_EDGE('',*,*,#1449,.T.);
#2190=ORIENTED_EDGE('',*,*,#1455,.T.);
#2191=ORIENTED_EDGE('',*,*,#1461,.T.);
#2192=ORIENTED_EDGE('',*,*,#1459,.T.);
#2193=ORIENTED_EDGE('',*,*,#1457,.T.);
#2194=ORIENTED_EDGE('',*,*,#1463,.T.);
#2195=ORIENTED_EDGE('',*,*,#1464,.T.);
#2196=ORIENTED_EDGE('',*,*,#1297,.T.);
#2197=ORIENTED_EDGE('',*,*,#1300,.T.);
#2198=ORIENTED_EDGE('',*,*,#1336,.T.);
#2199=ORIENTED_EDGE('',*,*,#1337,.T.);
#2200=ORIENTED_EDGE('',*,*,#1331,.T.);
#2201=ORIENTED_EDGE('',*,*,#1334,.T.);
#2202=ORIENTED_EDGE('',*,*,#1372,.T.);
#2203=ORIENTED_EDGE('',*,*,#1373,.T.);
#2204=ORIENTED_EDGE('',*,*,#1367,.T.);
#2205=ORIENTED_EDGE('',*,*,#1370,.T.);
#2206=ORIENTED_EDGE('',*,*,#1340,.T.);
#2207=ORIENTED_EDGE('',*,*,#1343,.T.);
#2208=ORIENTED_EDGE('',*,*,#1345,.T.);
#2209=ORIENTED_EDGE('',*,*,#1346,.T.);
#2210=ORIENTED_EDGE('',*,*,#1307,.T.);
#2211=ORIENTED_EDGE('',*,*,#1311,.T.);
#2212=ORIENTED_EDGE('',*,*,#1467,.T.);
#2213=ORIENTED_EDGE('',*,*,#1465,.T.);
#2214=ORIENTED_EDGE('',*,*,#1469,.T.);
#2215=ORIENTED_EDGE('',*,*,#1470,.T.);
#2216=ORIENTED_EDGE('',*,*,#1302,.T.);
#2217=ORIENTED_EDGE('',*,*,#1305,.T.);
#2218=ORIENTED_EDGE('',*,*,#1472,.T.);
#2219=ORIENTED_EDGE('',*,*,#1478,.T.);
#2220=ORIENTED_EDGE('',*,*,#1476,.T.);
#2221=ORIENTED_EDGE('',*,*,#1474,.T.);
#2222=ORIENTED_EDGE('',*,*,#1479,.T.);
#2223=ORIENTED_EDGE('',*,*,#1387,.T.);
#2224=ORIENTED_EDGE('',*,*,#1385,.T.);
#2225=ORIENTED_EDGE('',*,*,#1390,.T.);
#2226=ORIENTED_EDGE('',*,*,#1481,.T.);
#2227=ORIENTED_EDGE('',*,*,#1482,.T.);
#2228=ORIENTED_EDGE('',*,*,#1132,.T.);
#2229=ORIENTED_EDGE('',*,*,#1392,.T.);
#2230=ORIENTED_EDGE('',*,*,#1484,.T.);
#2231=ORIENTED_EDGE('',*,*,#1485,.T.);
#2232=ORIENTED_EDGE('',*,*,#1394,.T.);
#2233=ORIENTED_EDGE('',*,*,#1397,.T.);
#2234=ORIENTED_EDGE('',*,*,#1487,.T.);
#2235=ORIENTED_EDGE('',*,*,#1488,.T.);
#2236=ORIENTED_EDGE('',*,*,#1399,.T.);
#2237=ORIENTED_EDGE('',*,*,#1402,.T.);
#2238=ORIENTED_EDGE('',*,*,#1490,.T.);
#2239=ORIENTED_EDGE('',*,*,#1491,.T.);
#2240=ORIENTED_EDGE('',*,*,#1404,.T.);
#2241=ORIENTED_EDGE('',*,*,#1407,.T.);
#2242=CYLINDRICAL_SURFACE('',#2416,2.);
#2243=CYLINDRICAL_SURFACE('',#2422,2.);
#2244=CYLINDRICAL_SURFACE('',#2508,1.50000002235174);
#2245=CYLINDRICAL_SURFACE('',#2511,1.50000002235174);
#2246=CYLINDRICAL_SURFACE('',#2514,1.50000002235174);
#2247=CYLINDRICAL_SURFACE('',#2517,1.50000002235174);
#2248=CYLINDRICAL_SURFACE('',#2520,1.5);
#2249=CYLINDRICAL_SURFACE('',#2524,1.52499999590218);
#2250=CYLINDRICAL_SURFACE('',#2527,1.5);
#2251=CYLINDRICAL_SURFACE('',#2531,1.52499999590218);
#2252=CYLINDRICAL_SURFACE('',#2534,1.5);
#2253=CYLINDRICAL_SURFACE('',#2538,1.2);
#2254=CYLINDRICAL_SURFACE('',#2541,1.2);
#2255=CYLINDRICAL_SURFACE('',#2545,1.2);
#2256=CYLINDRICAL_SURFACE('',#2548,1.2);
#2257=CYLINDRICAL_SURFACE('',#2552,1.52499999590218);
#2258=CYLINDRICAL_SURFACE('',#2555,1.5);
#2259=CYLINDRICAL_SURFACE('',#2559,1.52499999590218);
#2260=CYLINDRICAL_SURFACE('',#2562,1.5);
#2261=CYLINDRICAL_SURFACE('',#2566,1.52500002663583);
#2262=CYLINDRICAL_SURFACE('',#2569,1.5);
#2263=CYLINDRICAL_SURFACE('',#2583,1.5);
#2264=CYLINDRICAL_SURFACE('',#2585,1.52500002663583);
#2265=CYLINDRICAL_SURFACE('',#2587,1.50000002235174);
#2266=CYLINDRICAL_SURFACE('',#2590,1.50000002235174);
#2267=CYLINDRICAL_SURFACE('',#2593,1.50000002235174);
#2268=CYLINDRICAL_SURFACE('',#2596,1.50000002235174);
#2269=CYLINDRICAL_SURFACE('',#2599,1.52499999590218);
#2270=CYLINDRICAL_SURFACE('',#2602,1.5);
#2271=CYLINDRICAL_SURFACE('',#2605,1.52499999590218);
#2272=CYLINDRICAL_SURFACE('',#2608,1.5);
#2273=CYLINDRICAL_SURFACE('',#2611,1.50000002235174);
#2274=CYLINDRICAL_SURFACE('',#2614,1.50000002235174);
#2275=CYLINDRICAL_SURFACE('',#2616,1.5);
#2276=CYLINDRICAL_SURFACE('',#2619,1.52500002663583);
#2277=CYLINDRICAL_SURFACE('',#2623,1.5);
#2278=CYLINDRICAL_SURFACE('',#2626,1.52499999590218);
#2279=CYLINDRICAL_SURFACE('',#2629,1.2);
#2280=CYLINDRICAL_SURFACE('',#2632,1.2);
#2281=CYLINDRICAL_SURFACE('',#2634,1.5);
#2282=CYLINDRICAL_SURFACE('',#2637,1.52499999590218);
#2283=CYLINDRICAL_SURFACE('',#2641,1.50000002235174);
#2284=CYLINDRICAL_SURFACE('',#2643,1.52500002663583);
#2285=CYLINDRICAL_SURFACE('',#2647,1.50000002235174);
#2286=CYLINDRICAL_SURFACE('',#2650,1.2);
#2287=CYLINDRICAL_SURFACE('',#2653,1.2);
#2288=CYLINDRICAL_SURFACE('',#2657,1.50000002235174);
#2289=CYLINDRICAL_SURFACE('',#2660,1.50000002235174);
#2290=CYLINDRICAL_SURFACE('',#2663,1.50000002235174);
#2291=CYLINDRICAL_SURFACE('',#2666,1.50000002235174);
#2292=CYLINDRICAL_SURFACE('',#2672,21.25);
#2293=ADVANCED_FACE('',(#172),#2242,.T.);
#2294=ADVANCED_FACE('',(#173),#119,.T.);
#2295=ADVANCED_FACE('',(#174),#120,.F.);
#2296=ADVANCED_FACE('',(#175),#2243,.T.);
#2297=ADVANCED_FACE('',(#176),#116,.F.);
#2298=ADVANCED_FACE('',(#177),#121,.T.);
#2299=ADVANCED_FACE('',(#178),#117,.F.);
#2300=ADVANCED_FACE('',(#179),#122,.T.);
#2301=ADVANCED_FACE('',(#180,#19,#20,#21),#47,.F.);
#2302=ADVANCED_FACE('',(#181),#123,.F.);
#2303=ADVANCED_FACE('',(#182),#2244,.F.);
#2304=ADVANCED_FACE('',(#183),#124,.F.);
#2305=ADVANCED_FACE('',(#184),#2245,.F.);
#2306=ADVANCED_FACE('',(#185),#125,.F.);
#2307=ADVANCED_FACE('',(#186),#2246,.F.);
#2308=ADVANCED_FACE('',(#187),#126,.F.);
#2309=ADVANCED_FACE('',(#188),#2247,.F.);
#2310=ADVANCED_FACE('',(#189),#127,.F.);
#2311=ADVANCED_FACE('',(#190),#2248,.F.);
#2312=ADVANCED_FACE('',(#191),#128,.F.);
#2313=ADVANCED_FACE('',(#192),#2249,.F.);
#2314=ADVANCED_FACE('',(#193),#129,.F.);
#2315=ADVANCED_FACE('',(#194),#2250,.F.);
#2316=ADVANCED_FACE('',(#195),#130,.F.);
#2317=ADVANCED_FACE('',(#196),#2251,.F.);
#2318=ADVANCED_FACE('',(#197),#131,.F.);
#2319=ADVANCED_FACE('',(#198),#2252,.F.);
#2320=ADVANCED_FACE('',(#199),#132,.F.);
#2321=ADVANCED_FACE('',(#200),#2253,.F.);
#2322=ADVANCED_FACE('',(#201),#133,.F.);
#2323=ADVANCED_FACE('',(#202),#2254,.F.);
#2324=ADVANCED_FACE('',(#203),#134,.F.);
#2325=ADVANCED_FACE('',(#204),#2255,.F.);
#2326=ADVANCED_FACE('',(#205),#135,.F.);
#2327=ADVANCED_FACE('',(#206),#2256,.F.);
#2328=ADVANCED_FACE('',(#207),#136,.F.);
#2329=ADVANCED_FACE('',(#208),#2257,.F.);
#2330=ADVANCED_FACE('',(#209),#137,.F.);
#2331=ADVANCED_FACE('',(#210),#2258,.F.);
#2332=ADVANCED_FACE('',(#211),#138,.F.);
#2333=ADVANCED_FACE('',(#212),#2259,.F.);
#2334=ADVANCED_FACE('',(#213),#139,.F.);
#2335=ADVANCED_FACE('',(#214),#2260,.F.);
#2336=ADVANCED_FACE('',(#215),#140,.F.);
#2337=ADVANCED_FACE('',(#216),#2261,.F.);
#2338=ADVANCED_FACE('',(#217),#141,.F.);
#2339=ADVANCED_FACE('',(#218),#2262,.F.);
#2340=ADVANCED_FACE('',(#219,#22),#142,.T.);
#2341=ADVANCED_FACE('',(#220),#143,.F.);
#2342=ADVANCED_FACE('',(#221),#2263,.F.);
#2343=ADVANCED_FACE('',(#222),#2264,.F.);
#2344=ADVANCED_FACE('',(#223),#2265,.F.);
#2345=ADVANCED_FACE('',(#224),#144,.F.);
#2346=ADVANCED_FACE('',(#225),#2266,.F.);
#2347=ADVANCED_FACE('',(#226),#145,.F.);
#2348=ADVANCED_FACE('',(#227),#2267,.F.);
#2349=ADVANCED_FACE('',(#228),#146,.F.);
#2350=ADVANCED_FACE('',(#229),#2268,.F.);
#2351=ADVANCED_FACE('',(#230),#147,.F.);
#2352=ADVANCED_FACE('',(#231),#2269,.F.);
#2353=ADVANCED_FACE('',(#232),#148,.F.);
#2354=ADVANCED_FACE('',(#233),#2270,.F.);
#2355=ADVANCED_FACE('',(#234),#149,.F.);
#2356=ADVANCED_FACE('',(#235),#2271,.F.);
#2357=ADVANCED_FACE('',(#236),#150,.F.);
#2358=ADVANCED_FACE('',(#237),#2272,.F.);
#2359=ADVANCED_FACE('',(#238),#151,.F.);
#2360=ADVANCED_FACE('',(#239),#2273,.F.);
#2361=ADVANCED_FACE('',(#240),#152,.F.);
#2362=ADVANCED_FACE('',(#241),#2274,.F.);
#2363=ADVANCED_FACE('',(#242),#2275,.F.);
#2364=ADVANCED_FACE('',(#243),#153,.F.);
#2365=ADVANCED_FACE('',(#244),#2276,.F.);
#2366=ADVANCED_FACE('',(#245),#154,.F.);
#2367=ADVANCED_FACE('',(#246),#155,.F.);
#2368=ADVANCED_FACE('',(#247),#2277,.F.);
#2369=ADVANCED_FACE('',(#248),#156,.F.);
#2370=ADVANCED_FACE('',(#249),#2278,.F.);
#2371=ADVANCED_FACE('',(#250),#157,.F.);
#2372=ADVANCED_FACE('',(#251),#2279,.F.);
#2373=ADVANCED_FACE('',(#252),#158,.F.);
#2374=ADVANCED_FACE('',(#253),#2280,.F.);
#2375=ADVANCED_FACE('',(#254),#2281,.F.);
#2376=ADVANCED_FACE('',(#255),#159,.F.);
#2377=ADVANCED_FACE('',(#256),#2282,.F.);
#2378=ADVANCED_FACE('',(#257),#160,.F.);
#2379=ADVANCED_FACE('',(#258),#161,.F.);
#2380=ADVANCED_FACE('',(#259),#2283,.F.);
#2381=ADVANCED_FACE('',(#260),#2284,.F.);
#2382=ADVANCED_FACE('',(#261),#162,.F.);
#2383=ADVANCED_FACE('',(#262),#163,.F.);
#2384=ADVANCED_FACE('',(#263),#2285,.F.);
#2385=ADVANCED_FACE('',(#264),#164,.F.);
#2386=ADVANCED_FACE('',(#265),#2286,.F.);
#2387=ADVANCED_FACE('',(#266),#165,.F.);
#2388=ADVANCED_FACE('',(#267),#2287,.F.);
#2389=ADVANCED_FACE('',(#268),#166,.F.);
#2390=ADVANCED_FACE('',(#269),#167,.F.);
#2391=ADVANCED_FACE('',(#270),#2288,.F.);
#2392=ADVANCED_FACE('',(#271),#168,.F.);
#2393=ADVANCED_FACE('',(#272),#2289,.F.);
#2394=ADVANCED_FACE('',(#273),#169,.F.);
#2395=ADVANCED_FACE('',(#274),#2290,.F.);
#2396=ADVANCED_FACE('',(#275),#170,.F.);
#2397=ADVANCED_FACE('',(#276),#2291,.F.);
#2398=ADVANCED_FACE('',(#277),#118,.T.);
#2399=ADVANCED_FACE('',(#278),#2292,.T.);
#2400=ADVANCED_FACE('',(#279,#23,#24,#25,#26,#27,#28,#29,#30,#31,#32,#33,
#34,#35,#36,#37,#38,#39,#40,#41,#42,#43,#44,#45,#46),#171,.F.);
#2401=CLOSED_SHELL('',(#2293,#2294,#2295,#2296,#2297,#2298,#2299,#2300,
#2301,#2302,#2303,#2304,#2305,#2306,#2307,#2308,#2309,#2310,#2311,#2312,
#2313,#2314,#2315,#2316,#2317,#2318,#2319,#2320,#2321,#2322,#2323,#2324,
#2325,#2326,#2327,#2328,#2329,#2330,#2331,#2332,#2333,#2334,#2335,#2336,
#2337,#2338,#2339,#2340,#2341,#2342,#2343,#2344,#2345,#2346,#2347,#2348,
#2349,#2350,#2351,#2352,#2353,#2354,#2355,#2356,#2357,#2358,#2359,#2360,
#2361,#2362,#2363,#2364,#2365,#2366,#2367,#2368,#2369,#2370,#2371,#2372,
#2373,#2374,#2375,#2376,#2377,#2378,#2379,#2380,#2381,#2382,#2383,#2384,
#2385,#2386,#2387,#2388,#2389,#2390,#2391,#2392,#2393,#2394,#2395,#2396,
#2397,#2398,#2399,#2400));
#2402=DERIVED_UNIT_ELEMENT(#2404,1.);
#2403=DERIVED_UNIT_ELEMENT(#4896,-3.);
#2404=(
MASS_UNIT()
NAMED_UNIT(*)
SI_UNIT(.KILO.,.GRAM.)
);
#2405=DERIVED_UNIT((#2402,#2403));
#2406=MEASURE_REPRESENTATION_ITEM('density measure',
POSITIVE_RATIO_MEASURE(7850.),#2405);
#2407=PROPERTY_DEFINITION_REPRESENTATION(#2412,#2409);
#2408=PROPERTY_DEFINITION_REPRESENTATION(#2413,#2410);
#2409=REPRESENTATION('material name',(#2411),#4893);
#2410=REPRESENTATION('density',(#2406),#4893);
#2411=DESCRIPTIVE_REPRESENTATION_ITEM('Steel','Steel');
#2412=PROPERTY_DEFINITION('material property','material name',#4908);
#2413=PROPERTY_DEFINITION('material property','density of part',#4908);
#2414=AXIS2_PLACEMENT_3D('',#3352,#2675,#2676);
#2415=AXIS2_PLACEMENT_3D('',#3353,#2677,#2678);
#2416=AXIS2_PLACEMENT_3D('',#3354,#2679,#2680);
#2417=AXIS2_PLACEMENT_3D('',#3357,#2681,#2682);
#2418=AXIS2_PLACEMENT_3D('',#3361,#2684,#2685);
#2419=AXIS2_PLACEMENT_3D('',#3363,#2687,#2688);
#2420=AXIS2_PLACEMENT_3D('',#3369,#2692,#2693);
#2421=AXIS2_PLACEMENT_3D('',#3380,#2699,#2700);
#2422=AXIS2_PLACEMENT_3D('',#3381,#2701,#2702);
#2423=AXIS2_PLACEMENT_3D('',#3384,#2704,#2705);
#2424=AXIS2_PLACEMENT_3D('',#3385,#2706,#2707);
#2425=AXIS2_PLACEMENT_3D('',#3402,#2708,#2709);
#2426=AXIS2_PLACEMENT_3D('',#3419,#2710,#2711);
#2427=AXIS2_PLACEMENT_3D('',#3420,#2712,#2713);
#2428=AXIS2_PLACEMENT_3D('',#3422,#2715,#2716);
#2429=AXIS2_PLACEMENT_3D('',#3440,#2717,#2718);
#2430=AXIS2_PLACEMENT_3D('',#3456,#2719,#2720);
#2431=AXIS2_PLACEMENT_3D('',#3457,#2721,#2722);
#2432=AXIS2_PLACEMENT_3D('',#3459,#2724,#2725);
#2433=AXIS2_PLACEMENT_3D('',#3476,#2726,#2727);
#2434=AXIS2_PLACEMENT_3D('',#3478,#2728,#2729);
#2435=AXIS2_PLACEMENT_3D('',#3480,#2730,#2731);
#2436=AXIS2_PLACEMENT_3D('',#3501,#2732,#2733);
#2437=AXIS2_PLACEMENT_3D('',#3503,#2734,#2735);
#2438=AXIS2_PLACEMENT_3D('',#3505,#2736,#2737);
#2439=AXIS2_PLACEMENT_3D('',#3526,#2738,#2739);
#2440=AXIS2_PLACEMENT_3D('',#3528,#2740,#2741);
#2441=AXIS2_PLACEMENT_3D('',#3530,#2742,#2743);
#2442=AXIS2_PLACEMENT_3D('',#3551,#2744,#2745);
#2443=AXIS2_PLACEMENT_3D('',#3553,#2746,#2747);
#2444=AXIS2_PLACEMENT_3D('',#3555,#2748,#2749);
#2445=AXIS2_PLACEMENT_3D('',#3562,#2750,#2751);
#2446=AXIS2_PLACEMENT_3D('',#3583,#2752,#2753);
#2447=AXIS2_PLACEMENT_3D('',#3600,#2754,#2755);
#2448=AXIS2_PLACEMENT_3D('',#3607,#2756,#2757);
#2449=AXIS2_PLACEMENT_3D('',#3628,#2758,#2759);
#2450=AXIS2_PLACEMENT_3D('',#3641,#2760,#2761);
#2451=AXIS2_PLACEMENT_3D('',#3652,#2762,#2763);
#2452=AXIS2_PLACEMENT_3D('',#3673,#2764,#2765);
#2453=AXIS2_PLACEMENT_3D('',#3688,#2766,#2767);
#2454=AXIS2_PLACEMENT_3D('',#3697,#2768,#2769);
#2455=AXIS2_PLACEMENT_3D('',#3718,#2770,#2771);
#2456=AXIS2_PLACEMENT_3D('',#3727,#2772,#2773);
#2457=AXIS2_PLACEMENT_3D('',#3736,#2774,#2775);
#2458=AXIS2_PLACEMENT_3D('',#3757,#2776,#2777);
#2459=AXIS2_PLACEMENT_3D('',#3766,#2778,#2779);
#2460=AXIS2_PLACEMENT_3D('',#3781,#2780,#2781);
#2461=AXIS2_PLACEMENT_3D('',#3802,#2782,#2783);
#2462=AXIS2_PLACEMENT_3D('',#3813,#2784,#2785);
#2463=AXIS2_PLACEMENT_3D('',#3826,#2786,#2787);
#2464=AXIS2_PLACEMENT_3D('',#3847,#2788,#2789);
#2465=AXIS2_PLACEMENT_3D('',#3854,#2790,#2791);
#2466=AXIS2_PLACEMENT_3D('',#3871,#2792,#2793);
#2467=AXIS2_PLACEMENT_3D('',#3892,#2794,#2795);
#2468=AXIS2_PLACEMENT_3D('',#3899,#2796,#2797);
#2469=AXIS2_PLACEMENT_3D('',#3906,#2798,#2799);
#2470=AXIS2_PLACEMENT_3D('',#3927,#2800,#2801);
#2471=AXIS2_PLACEMENT_3D('',#3944,#2802,#2803);
#2472=AXIS2_PLACEMENT_3D('',#3951,#2804,#2805);
#2473=AXIS2_PLACEMENT_3D('',#3972,#2806,#2807);
#2474=AXIS2_PLACEMENT_3D('',#3985,#2808,#2809);
#2475=AXIS2_PLACEMENT_3D('',#3996,#2810,#2811);
#2476=AXIS2_PLACEMENT_3D('',#4017,#2812,#2813);
#2477=AXIS2_PLACEMENT_3D('',#4032,#2814,#2815);
#2478=AXIS2_PLACEMENT_3D('',#4041,#2816,#2817);
#2479=AXIS2_PLACEMENT_3D('',#4062,#2818,#2819);
#2480=AXIS2_PLACEMENT_3D('',#4071,#2820,#2821);
#2481=AXIS2_PLACEMENT_3D('',#4080,#2822,#2823);
#2482=AXIS2_PLACEMENT_3D('',#4101,#2824,#2825);
#2483=AXIS2_PLACEMENT_3D('',#4110,#2826,#2827);
#2484=AXIS2_PLACEMENT_3D('',#4125,#2828,#2829);
#2485=AXIS2_PLACEMENT_3D('',#4146,#2830,#2831);
#2486=AXIS2_PLACEMENT_3D('',#4157,#2832,#2833);
#2487=AXIS2_PLACEMENT_3D('',#4170,#2834,#2835);
#2488=AXIS2_PLACEMENT_3D('',#4191,#2836,#2837);
#2489=AXIS2_PLACEMENT_3D('',#4198,#2838,#2839);
#2490=AXIS2_PLACEMENT_3D('',#4215,#2840,#2841);
#2491=AXIS2_PLACEMENT_3D('',#4236,#2842,#2843);
#2492=AXIS2_PLACEMENT_3D('',#4242,#2844,#2845);
#2493=AXIS2_PLACEMENT_3D('',#4244,#2846,#2847);
#2494=AXIS2_PLACEMENT_3D('',#4264,#2848,#2849);
#2495=AXIS2_PLACEMENT_3D('',#4266,#2850,#2851);
#2496=AXIS2_PLACEMENT_3D('',#4286,#2852,#2853);
#2497=AXIS2_PLACEMENT_3D('',#4288,#2854,#2855);
#2498=AXIS2_PLACEMENT_3D('',#4308,#2856,#2857);
#2499=AXIS2_PLACEMENT_3D('',#4310,#2858,#2859);
#2500=AXIS2_PLACEMENT_3D('',#4341,#2860,#2861);
#2501=AXIS2_PLACEMENT_3D('',#4358,#2862,#2863);
#2502=AXIS2_PLACEMENT_3D('',#4379,#2864,#2865);
#2503=AXIS2_PLACEMENT_3D('',#4400,#2866,#2867);
#2504=AXIS2_PLACEMENT_3D('',#4421,#2868,#2869);
#2505=AXIS2_PLACEMENT_3D('',#4442,#2870,#2871);
#2506=AXIS2_PLACEMENT_3D('',#4463,#2872,#2873);
#2507=AXIS2_PLACEMENT_3D('',#4482,#2874,#2875);
#2508=AXIS2_PLACEMENT_3D('',#4488,#2879,#2880);
#2509=AXIS2_PLACEMENT_3D('',#4491,#2882,#2883);
#2510=AXIS2_PLACEMENT_3D('',#4492,#2884,#2885);
#2511=AXIS2_PLACEMENT_3D('',#4498,#2889,#2890);
#2512=AXIS2_PLACEMENT_3D('',#4501,#2892,#2893);
#2513=AXIS2_PLACEMENT_3D('',#4502,#2894,#2895);
#2514=AXIS2_PLACEMENT_3D('',#4508,#2899,#2900);
#2515=AXIS2_PLACEMENT_3D('',#4511,#2902,#2903);
#2516=AXIS2_PLACEMENT_3D('',#4512,#2904,#2905);
#2517=AXIS2_PLACEMENT_3D('',#4518,#2909,#2910);
#2518=AXIS2_PLACEMENT_3D('',#4521,#2912,#2913);
#2519=AXIS2_PLACEMENT_3D('',#4522,#2914,#2915);
#2520=AXIS2_PLACEMENT_3D('',#4528,#2919,#2920);
#2521=AXIS2_PLACEMENT_3D('',#4529,#2921,#2922);
#2522=AXIS2_PLACEMENT_3D('',#4532,#2924,#2925);
#2523=AXIS2_PLACEMENT_3D('',#4533,#2926,#2927);
#2524=AXIS2_PLACEMENT_3D('',#4539,#2931,#2932);
#2525=AXIS2_PLACEMENT_3D('',#4542,#2934,#2935);
#2526=AXIS2_PLACEMENT_3D('',#4543,#2936,#2937);
#2527=AXIS2_PLACEMENT_3D('',#4547,#2940,#2941);
#2528=AXIS2_PLACEMENT_3D('',#4548,#2942,#2943);
#2529=AXIS2_PLACEMENT_3D('',#4549,#2944,#2945);
#2530=AXIS2_PLACEMENT_3D('',#4550,#2946,#2947);
#2531=AXIS2_PLACEMENT_3D('',#4556,#2951,#2952);
#2532=AXIS2_PLACEMENT_3D('',#4559,#2954,#2955);
#2533=AXIS2_PLACEMENT_3D('',#4560,#2956,#2957);
#2534=AXIS2_PLACEMENT_3D('',#4564,#2960,#2961);
#2535=AXIS2_PLACEMENT_3D('',#4565,#2962,#2963);
#2536=AXIS2_PLACEMENT_3D('',#4566,#2964,#2965);
#2537=AXIS2_PLACEMENT_3D('',#4567,#2966,#2967);
#2538=AXIS2_PLACEMENT_3D('',#4573,#2971,#2972);
#2539=AXIS2_PLACEMENT_3D('',#4576,#2974,#2975);
#2540=AXIS2_PLACEMENT_3D('',#4577,#2976,#2977);
#2541=AXIS2_PLACEMENT_3D('',#4581,#2980,#2981);
#2542=AXIS2_PLACEMENT_3D('',#4582,#2982,#2983);
#2543=AXIS2_PLACEMENT_3D('',#4583,#2984,#2985);
#2544=AXIS2_PLACEMENT_3D('',#4584,#2986,#2987);
#2545=AXIS2_PLACEMENT_3D('',#4590,#2991,#2992);
#2546=AXIS2_PLACEMENT_3D('',#4593,#2994,#2995);
#2547=AXIS2_PLACEMENT_3D('',#4594,#2996,#2997);
#2548=AXIS2_PLACEMENT_3D('',#4598,#3000,#3001);
#2549=AXIS2_PLACEMENT_3D('',#4599,#3002,#3003);
#2550=AXIS2_PLACEMENT_3D('',#4600,#3004,#3005);
#2551=AXIS2_PLACEMENT_3D('',#4601,#3006,#3007);
#2552=AXIS2_PLACEMENT_3D('',#4607,#3011,#3012);
#2553=AXIS2_PLACEMENT_3D('',#4610,#3014,#3015);
#2554=AXIS2_PLACEMENT_3D('',#4611,#3016,#3017);
#2555=AXIS2_PLACEMENT_3D('',#4615,#3020,#3021);
#2556=AXIS2_PLACEMENT_3D('',#4616,#3022,#3023);
#2557=AXIS2_PLACEMENT_3D('',#4617,#3024,#3025);
#2558=AXIS2_PLACEMENT_3D('',#4618,#3026,#3027);
#2559=AXIS2_PLACEMENT_3D('',#4624,#3031,#3032);
#2560=AXIS2_PLACEMENT_3D('',#4627,#3034,#3035);
#2561=AXIS2_PLACEMENT_3D('',#4628,#3036,#3037);
#2562=AXIS2_PLACEMENT_3D('',#4632,#3040,#3041);
#2563=AXIS2_PLACEMENT_3D('',#4633,#3042,#3043);
#2564=AXIS2_PLACEMENT_3D('',#4634,#3044,#3045);
#2565=AXIS2_PLACEMENT_3D('',#4635,#3046,#3047);
#2566=AXIS2_PLACEMENT_3D('',#4641,#3051,#3052);
#2567=AXIS2_PLACEMENT_3D('',#4644,#3054,#3055);
#2568=AXIS2_PLACEMENT_3D('',#4645,#3056,#3057);
#2569=AXIS2_PLACEMENT_3D('',#4649,#3060,#3061);
#2570=AXIS2_PLACEMENT_3D('',#4650,#3062,#3063);
#2571=AXIS2_PLACEMENT_3D('',#4651,#3064,#3065);
#2572=AXIS2_PLACEMENT_3D('',#4652,#3066,#3067);
#2573=AXIS2_PLACEMENT_3D('',#4654,#3068,#3069);
#2574=AXIS2_PLACEMENT_3D('',#4655,#3070,#3071);
#2575=AXIS2_PLACEMENT_3D('',#4656,#3072,#3073);
#2576=AXIS2_PLACEMENT_3D('',#4657,#3074,#3075);
#2577=AXIS2_PLACEMENT_3D('',#4658,#3076,#3077);
#2578=AXIS2_PLACEMENT_3D('',#4659,#3078,#3079);
#2579=AXIS2_PLACEMENT_3D('',#4660,#3080,#3081);
#2580=AXIS2_PLACEMENT_3D('',#4661,#3082,#3083);
#2581=AXIS2_PLACEMENT_3D('',#4662,#3084,#3085);
#2582=AXIS2_PLACEMENT_3D('',#4663,#3086,#3087);
#2583=AXIS2_PLACEMENT_3D('',#4669,#3091,#3092);
#2584=AXIS2_PLACEMENT_3D('',#4671,#3093,#3094);
#2585=AXIS2_PLACEMENT_3D('',#4673,#3096,#3097);
#2586=AXIS2_PLACEMENT_3D('',#4676,#3099,#3100);
#2587=AXIS2_PLACEMENT_3D('',#4677,#3101,#3102);
#2588=AXIS2_PLACEMENT_3D('',#4680,#3104,#3105);
#2589=AXIS2_PLACEMENT_3D('',#4681,#3106,#3107);
#2590=AXIS2_PLACEMENT_3D('',#4687,#3111,#3112);
#2591=AXIS2_PLACEMENT_3D('',#4690,#3114,#3115);
#2592=AXIS2_PLACEMENT_3D('',#4691,#3116,#3117);
#2593=AXIS2_PLACEMENT_3D('',#4697,#3121,#3122);
#2594=AXIS2_PLACEMENT_3D('',#4700,#3124,#3125);
#2595=AXIS2_PLACEMENT_3D('',#4701,#3126,#3127);
#2596=AXIS2_PLACEMENT_3D('',#4707,#3131,#3132);
#2597=AXIS2_PLACEMENT_3D('',#4710,#3134,#3135);
#2598=AXIS2_PLACEMENT_3D('',#4711,#3136,#3137);
#2599=AXIS2_PLACEMENT_3D('',#4717,#3141,#3142);
#2600=AXIS2_PLACEMENT_3D('',#4719,#3143,#3144);
#2601=AXIS2_PLACEMENT_3D('',#4721,#3146,#3147);
#2602=AXIS2_PLACEMENT_3D('',#4725,#3150,#3151);
#2603=AXIS2_PLACEMENT_3D('',#4726,#3152,#3153);
#2604=AXIS2_PLACEMENT_3D('',#4727,#3154,#3155);
#2605=AXIS2_PLACEMENT_3D('',#4733,#3159,#3160);
#2606=AXIS2_PLACEMENT_3D('',#4735,#3161,#3162);
#2607=AXIS2_PLACEMENT_3D('',#4737,#3164,#3165);
#2608=AXIS2_PLACEMENT_3D('',#4741,#3168,#3169);
#2609=AXIS2_PLACEMENT_3D('',#4742,#3170,#3171);
#2610=AXIS2_PLACEMENT_3D('',#4743,#3172,#3173);
#2611=AXIS2_PLACEMENT_3D('',#4747,#3176,#3177);
#2612=AXIS2_PLACEMENT_3D('',#4748,#3178,#3179);
#2613=AXIS2_PLACEMENT_3D('',#4749,#3180,#3181);
#2614=AXIS2_PLACEMENT_3D('',#4753,#3184,#3185);
#2615=AXIS2_PLACEMENT_3D('',#4754,#3186,#3187);
#2616=AXIS2_PLACEMENT_3D('',#4755,#3188,#3189);
#2617=AXIS2_PLACEMENT_3D('',#4759,#3191,#3192);
#2618=AXIS2_PLACEMENT_3D('',#4761,#3194,#3195);
#2619=AXIS2_PLACEMENT_3D('',#4765,#3198,#3199);
#2620=AXIS2_PLACEMENT_3D('',#4767,#3200,#3201);
#2621=AXIS2_PLACEMENT_3D('',#4769,#3203,#3204);
#2622=AXIS2_PLACEMENT_3D('',#4771,#3206,#3207);
#2623=AXIS2_PLACEMENT_3D('',#4777,#3211,#3212);
#2624=AXIS2_PLACEMENT_3D('',#4779,#3213,#3214);
#2625=AXIS2_PLACEMENT_3D('',#4781,#3216,#3217);
#2626=AXIS2_PLACEMENT_3D('',#4785,#3220,#3221);
#2627=AXIS2_PLACEMENT_3D('',#4786,#3222,#3223);
#2628=AXIS2_PLACEMENT_3D('',#4787,#3224,#3225);
#2629=AXIS2_PLACEMENT_3D('',#4793,#3229,#3230);
#2630=AXIS2_PLACEMENT_3D('',#4795,#3231,#3232);
#2631=AXIS2_PLACEMENT_3D('',#4797,#3234,#3235);
#2632=AXIS2_PLACEMENT_3D('',#4801,#3238,#3239);
#2633=AXIS2_PLACEMENT_3D('',#4802,#3240,#3241);
#2634=AXIS2_PLACEMENT_3D('',#4803,#3242,#3243);
#2635=AXIS2_PLACEMENT_3D('',#4807,#3245,#3246);
#2636=AXIS2_PLACEMENT_3D('',#4809,#3248,#3249);
#2637=AXIS2_PLACEMENT_3D('',#4813,#3252,#3253);
#2638=AXIS2_PLACEMENT_3D('',#4815,#3254,#3255);
#2639=AXIS2_PLACEMENT_3D('',#4817,#3257,#3258);
#2640=AXIS2_PLACEMENT_3D('',#4819,#3260,#3261);
#2641=AXIS2_PLACEMENT_3D('',#4823,#3264,#3265);
#2642=AXIS2_PLACEMENT_3D('',#4824,#3266,#3267);
#2643=AXIS2_PLACEMENT_3D('',#4825,#3268,#3269);
#2644=AXIS2_PLACEMENT_3D('',#4827,#3270,#3271);
#2645=AXIS2_PLACEMENT_3D('',#4829,#3273,#3274);
#2646=AXIS2_PLACEMENT_3D('',#4831,#3276,#3277);
#2647=AXIS2_PLACEMENT_3D('',#4835,#3280,#3281);
#2648=AXIS2_PLACEMENT_3D('',#4836,#3282,#3283);
#2649=AXIS2_PLACEMENT_3D('',#4837,#3284,#3285);
#2650=AXIS2_PLACEMENT_3D('',#4843,#3289,#3290);
#2651=AXIS2_PLACEMENT_3D('',#4845,#3291,#3292);
#2652=AXIS2_PLACEMENT_3D('',#4847,#3294,#3295);
#2653=AXIS2_PLACEMENT_3D('',#4851,#3298,#3299);
#2654=AXIS2_PLACEMENT_3D('',#4852,#3300,#3301);
#2655=AXIS2_PLACEMENT_3D('',#4853,#3302,#3303);
#2656=AXIS2_PLACEMENT_3D('',#4855,#3305,#3306);
#2657=AXIS2_PLACEMENT_3D('',#4859,#3309,#3310);
#2658=AXIS2_PLACEMENT_3D('',#4860,#3311,#3312);
#2659=AXIS2_PLACEMENT_3D('',#4861,#3313,#3314);
#2660=AXIS2_PLACEMENT_3D('',#4865,#3317,#3318);
#2661=AXIS2_PLACEMENT_3D('',#4866,#3319,#3320);
#2662=AXIS2_PLACEMENT_3D('',#4867,#3321,#3322);
#2663=AXIS2_PLACEMENT_3D('',#4871,#3325,#3326);
#2664=AXIS2_PLACEMENT_3D('',#4872,#3327,#3328);
#2665=AXIS2_PLACEMENT_3D('',#4873,#3329,#3330);
#2666=AXIS2_PLACEMENT_3D('',#4877,#3333,#3334);
#2667=AXIS2_PLACEMENT_3D('',#4878,#3335,#3336);
#2668=AXIS2_PLACEMENT_3D('',#4879,#3337,#3338);
#2669=AXIS2_PLACEMENT_3D('',#4881,#3339,#3340);
#2670=AXIS2_PLACEMENT_3D('',#4883,#3341,#3342);
#2671=AXIS2_PLACEMENT_3D('',#4884,#3343,#3344);
#2672=AXIS2_PLACEMENT_3D('',#4885,#3345,#3346);
#2673=AXIS2_PLACEMENT_3D('',#4887,#3348,#3349);
#2674=AXIS2_PLACEMENT_3D('',#4888,#3350,#3351);
#2675=DIRECTION('axis',(0.,0.,1.));
#2676=DIRECTION('refdir',(1.,0.,0.));
#2677=DIRECTION('axis',(0.,0.,1.));
#2678=DIRECTION('refdir',(1.,0.,0.));
#2679=DIRECTION('center_axis',(1.,0.,0.));
#2680=DIRECTION('ref_axis',(0.,0.707106781186548,0.707106781186547));
#2681=DIRECTION('center_axis',(-1.,-2.77555752020386E-17,0.));
#2682=DIRECTION('ref_axis',(0.,0.707106781186548,0.707106781186547));
#2683=DIRECTION('',(-1.,0.,0.));
#2684=DIRECTION('center_axis',(1.,0.,0.));
#2685=DIRECTION('ref_axis',(0.,0.707106781186548,0.707106781186547));
#2686=DIRECTION('',(1.,0.,0.));
#2687=DIRECTION('center_axis',(0.,0.,1.));
#2688=DIRECTION('ref_axis',(1.,0.,0.));
#2689=DIRECTION('',(0.,1.,0.));
#2690=DIRECTION('',(-1.,0.,0.));
#2691=DIRECTION('',(0.,-1.,0.));
#2692=DIRECTION('center_axis',(1.,0.,0.));
#2693=DIRECTION('ref_axis',(0.,1.,0.));
#2694=DIRECTION('',(0.,0.,-1.));
#2695=DIRECTION('',(0.,0.,-1.));
#2696=DIRECTION('',(0.,1.,0.));
#2697=DIRECTION('',(0.,0.,1.));
#2698=DIRECTION('',(0.,0.,-1.));
#2699=DIRECTION('center_axis',(1.,0.,0.));
#2700=DIRECTION('ref_axis',(0.,-0.707106781186548,0.707106781186547));
#2701=DIRECTION('center_axis',(-1.,0.,0.));
#2702=DIRECTION('ref_axis',(0.,-0.707106781186548,0.707106781186547));
#2703=DIRECTION('',(1.,0.,0.));
#2704=DIRECTION('center_axis',(-1.,-2.77555752020386E-17,0.));
#2705=DIRECTION('ref_axis',(0.,-0.707106781186548,0.707106781186547));
#2706=DIRECTION('center_axis',(0.,1.,0.));
#2707=DIRECTION('ref_axis',(-1.87742114936174E-14,0.,-1.));
#2708=DIRECTION('center_axis',(0.,-1.,0.));
#2709=DIRECTION('ref_axis',(1.22464679914735E-16,0.,-1.));
#2710=DIRECTION('center_axis',(0.,1.,0.));
#2711=DIRECTION('ref_axis',(1.22464679914735E-16,0.,-1.));
#2712=DIRECTION('center_axis',(0.,-1.,0.));
#2713=DIRECTION('ref_axis',(-1.,0.,0.));
#2714=DIRECTION('',(0.,0.,-1.));
#2715=DIRECTION('center_axis',(0.,-1.,0.));
#2716=DIRECTION('ref_axis',(0.,0.,-1.));
#2717=DIRECTION('center_axis',(0.,1.,0.));
#2718=DIRECTION('ref_axis',(0.,0.,-1.));
#2719=DIRECTION('center_axis',(0.,-1.,0.));
#2720=DIRECTION('ref_axis',(0.,0.,-1.));
#2721=DIRECTION('center_axis',(0.,1.,0.));
#2722=DIRECTION('ref_axis',(1.,0.,0.));
#2723=DIRECTION('',(0.,0.,-1.));
#2724=DIRECTION('center_axis',(6.12323399573677E-17,0.,1.));
#2725=DIRECTION('ref_axis',(1.,0.,0.));
#2726=DIRECTION('center_axis',(-1.,0.,0.));
#2727=DIRECTION('ref_axis',(0.,0.,1.));
#2728=DIRECTION('center_axis',(-1.22464679914735E-16,1.,0.));
#2729=DIRECTION('ref_axis',(-1.,-1.22464679914735E-16,0.));
#2730=DIRECTION('center_axis',(1.,0.,0.));
#2731=DIRECTION('ref_axis',(0.,0.,-1.));
#2732=DIRECTION('center_axis',(-1.,0.,0.));
#2733=DIRECTION('ref_axis',(0.,0.,1.));
#2734=DIRECTION('center_axis',(-1.22464679914735E-16,1.,0.));
#2735=DIRECTION('ref_axis',(-1.,-1.22464679914735E-16,0.));
#2736=DIRECTION('center_axis',(1.,0.,0.));
#2737=DIRECTION('ref_axis',(0.,0.,-1.));
#2738=DIRECTION('center_axis',(-1.,0.,0.));
#2739=DIRECTION('ref_axis',(0.,0.,1.));
#2740=DIRECTION('center_axis',(-1.22464679914735E-16,1.,0.));
#2741=DIRECTION('ref_axis',(-1.,-1.22464679914735E-16,0.));
#2742=DIRECTION('center_axis',(1.,0.,0.));
#2743=DIRECTION('ref_axis',(0.,0.,-1.));
#2744=DIRECTION('center_axis',(-1.,0.,0.));
#2745=DIRECTION('ref_axis',(0.,0.,1.));
#2746=DIRECTION('center_axis',(-1.22464679914735E-16,1.,0.));
#2747=DIRECTION('ref_axis',(-1.,-1.22464679914735E-16,0.));
#2748=DIRECTION('center_axis',(0.,0.,-1.));
#2749=DIRECTION('ref_axis',(0.,1.,0.));
#2750=DIRECTION('center_axis',(-1.,0.,0.));
#2751=DIRECTION('ref_axis',(0.,0.,1.));
#2752=DIRECTION('center_axis',(1.,0.,0.));
#2753=DIRECTION('ref_axis',(0.,0.,-1.));
#2754=DIRECTION('center_axis',(0.,0.,-1.));
#2755=DIRECTION('ref_axis',(0.,1.,0.));
#2756=DIRECTION('center_axis',(-1.,0.,0.));
#2757=DIRECTION('ref_axis',(0.,0.,1.));
#2758=DIRECTION('center_axis',(1.,0.,0.));
#2759=DIRECTION('ref_axis',(0.,0.,-1.));
#2760=DIRECTION('center_axis',(0.,0.,-1.));
#2761=DIRECTION('ref_axis',(0.,1.,0.));
#2762=DIRECTION('center_axis',(-1.,0.,0.));
#2763=DIRECTION('ref_axis',(0.,0.,1.));
#2764=DIRECTION('center_axis',(1.,0.,0.));
#2765=DIRECTION('ref_axis',(0.,0.,-1.));
#2766=DIRECTION('center_axis',(0.,0.,-1.));
#2767=DIRECTION('ref_axis',(0.,1.,0.));
#2768=DIRECTION('center_axis',(-1.,0.,0.));
#2769=DIRECTION('ref_axis',(0.,0.,1.));
#2770=DIRECTION('center_axis',(1.,0.,0.));
#2771=DIRECTION('ref_axis',(0.,0.,-1.));
#2772=DIRECTION('center_axis',(0.,0.,-1.));
#2773=DIRECTION('ref_axis',(0.,1.,0.));
#2774=DIRECTION('center_axis',(-1.,0.,0.));
#2775=DIRECTION('ref_axis',(0.,0.,1.));
#2776=DIRECTION('center_axis',(1.,0.,0.));
#2777=DIRECTION('ref_axis',(0.,0.,-1.));
#2778=DIRECTION('center_axis',(0.,0.,-1.));
#2779=DIRECTION('ref_axis',(0.,1.,0.));
#2780=DIRECTION('center_axis',(-1.,0.,0.));
#2781=DIRECTION('ref_axis',(0.,0.,1.));
#2782=DIRECTION('center_axis',(1.,0.,0.));
#2783=DIRECTION('ref_axis',(0.,0.,-1.));
#2784=DIRECTION('center_axis',(0.,0.,-1.));
#2785=DIRECTION('ref_axis',(0.,1.,0.));
#2786=DIRECTION('center_axis',(-1.,0.,0.));
#2787=DIRECTION('ref_axis',(0.,0.,1.));
#2788=DIRECTION('center_axis',(1.,0.,0.));
#2789=DIRECTION('ref_axis',(0.,0.,-1.));
#2790=DIRECTION('center_axis',(0.,0.,-1.));
#2791=DIRECTION('ref_axis',(0.,1.,0.));
#2792=DIRECTION('center_axis',(-1.,0.,0.));
#2793=DIRECTION('ref_axis',(0.,0.,1.));
#2794=DIRECTION('center_axis',(1.,0.,0.));
#2795=DIRECTION('ref_axis',(0.,0.,-1.));
#2796=DIRECTION('center_axis',(0.,0.,-1.));
#2797=DIRECTION('ref_axis',(0.,1.,0.));
#2798=DIRECTION('center_axis',(1.,0.,0.));
#2799=DIRECTION('ref_axis',(0.,0.,-1.));
#2800=DIRECTION('center_axis',(-1.,0.,0.));
#2801=DIRECTION('ref_axis',(0.,0.,1.));
#2802=DIRECTION('center_axis',(0.,0.,-1.));
#2803=DIRECTION('ref_axis',(0.,1.,0.));
#2804=DIRECTION('center_axis',(1.,0.,0.));
#2805=DIRECTION('ref_axis',(0.,0.,-1.));
#2806=DIRECTION('center_axis',(-1.,0.,0.));
#2807=DIRECTION('ref_axis',(0.,0.,1.));
#2808=DIRECTION('center_axis',(0.,0.,-1.));
#2809=DIRECTION('ref_axis',(0.,1.,0.));
#2810=DIRECTION('center_axis',(1.,0.,0.));
#2811=DIRECTION('ref_axis',(0.,0.,-1.));
#2812=DIRECTION('center_axis',(-1.,0.,0.));
#2813=DIRECTION('ref_axis',(0.,0.,1.));
#2814=DIRECTION('center_axis',(0.,0.,-1.));
#2815=DIRECTION('ref_axis',(0.,1.,0.));
#2816=DIRECTION('center_axis',(1.,0.,0.));
#2817=DIRECTION('ref_axis',(0.,0.,-1.));
#2818=DIRECTION('center_axis',(-1.,0.,0.));
#2819=DIRECTION('ref_axis',(0.,0.,1.));
#2820=DIRECTION('center_axis',(0.,0.,-1.));
#2821=DIRECTION('ref_axis',(0.,1.,0.));
#2822=DIRECTION('center_axis',(1.,0.,0.));
#2823=DIRECTION('ref_axis',(0.,0.,-1.));
#2824=DIRECTION('center_axis',(-1.,0.,0.));
#2825=DIRECTION('ref_axis',(0.,0.,1.));
#2826=DIRECTION('center_axis',(0.,0.,-1.));
#2827=DIRECTION('ref_axis',(0.,1.,0.));
#2828=DIRECTION('center_axis',(1.,0.,0.));
#2829=DIRECTION('ref_axis',(0.,0.,-1.));
#2830=DIRECTION('center_axis',(-1.,0.,0.));
#2831=DIRECTION('ref_axis',(0.,0.,1.));
#2832=DIRECTION('center_axis',(0.,0.,-1.));
#2833=DIRECTION('ref_axis',(0.,1.,0.));
#2834=DIRECTION('center_axis',(1.,0.,0.));
#2835=DIRECTION('ref_axis',(0.,0.,-1.));
#2836=DIRECTION('center_axis',(-1.,0.,0.));
#2837=DIRECTION('ref_axis',(0.,0.,1.));
#2838=DIRECTION('center_axis',(0.,0.,-1.));
#2839=DIRECTION('ref_axis',(0.,1.,0.));
#2840=DIRECTION('center_axis',(1.,0.,0.));
#2841=DIRECTION('ref_axis',(0.,0.,-1.));
#2842=DIRECTION('center_axis',(-1.,0.,0.));
#2843=DIRECTION('ref_axis',(0.,0.,1.));
#2844=DIRECTION('center_axis',(0.,0.,-1.));
#2845=DIRECTION('ref_axis',(0.,1.,0.));
#2846=DIRECTION('center_axis',(-1.,0.,0.));
#2847=DIRECTION('ref_axis',(0.,0.,1.));
#2848=DIRECTION('center_axis',(1.,0.,0.));
#2849=DIRECTION('ref_axis',(0.,0.,-1.));
#2850=DIRECTION('center_axis',(-1.,0.,0.));
#2851=DIRECTION('ref_axis',(0.,0.,1.));
#2852=DIRECTION('center_axis',(1.,0.,0.));
#2853=DIRECTION('ref_axis',(0.,0.,-1.));
#2854=DIRECTION('center_axis',(-1.,0.,0.));
#2855=DIRECTION('ref_axis',(0.,0.,1.));
#2856=DIRECTION('center_axis',(1.,0.,0.));
#2857=DIRECTION('ref_axis',(0.,0.,-1.));
#2858=DIRECTION('center_axis',(-1.,0.,0.));
#2859=DIRECTION('ref_axis',(0.,0.,1.));
#2860=DIRECTION('center_axis',(1.,0.,0.));
#2861=DIRECTION('ref_axis',(0.,0.,-1.));
#2862=DIRECTION('center_axis',(1.,0.,0.));
#2863=DIRECTION('ref_axis',(0.,0.,-1.));
#2864=DIRECTION('center_axis',(-1.,0.,0.));
#2865=DIRECTION('ref_axis',(0.,0.,1.));
#2866=DIRECTION('center_axis',(-1.,0.,0.));
#2867=DIRECTION('ref_axis',(0.,0.,1.));
#2868=DIRECTION('center_axis',(1.,0.,0.));
#2869=DIRECTION('ref_axis',(0.,0.,-1.));
#2870=DIRECTION('center_axis',(-1.,0.,0.));
#2871=DIRECTION('ref_axis',(0.,0.,1.));
#2872=DIRECTION('center_axis',(1.,0.,0.));
#2873=DIRECTION('ref_axis',(0.,0.,-1.));
#2874=DIRECTION('center_axis',(1.,0.,0.));
#2875=DIRECTION('ref_axis',(0.,1.,0.));
#2876=DIRECTION('',(0.,0.,1.));
#2877=DIRECTION('',(0.,1.,0.));
#2878=DIRECTION('',(0.,0.,1.));
#2879=DIRECTION('center_axis',(0.,0.,1.));
#2880=DIRECTION('ref_axis',(-1.,0.,0.));
#2881=DIRECTION('',(0.,0.,1.));
#2882=DIRECTION('center_axis',(0.,0.,1.));
#2883=DIRECTION('ref_axis',(-1.,0.,0.));
#2884=DIRECTION('center_axis',(1.,0.,0.));
#2885=DIRECTION('ref_axis',(0.,1.,0.));
#2886=DIRECTION('',(0.,0.,1.));
#2887=DIRECTION('',(0.,1.,0.));
#2888=DIRECTION('',(0.,0.,1.));
#2889=DIRECTION('center_axis',(0.,0.,1.));
#2890=DIRECTION('ref_axis',(-1.,0.,0.));
#2891=DIRECTION('',(0.,0.,1.));
#2892=DIRECTION('center_axis',(0.,0.,1.));
#2893=DIRECTION('ref_axis',(-1.,0.,0.));
#2894=DIRECTION('center_axis',(-1.,0.,0.));
#2895=DIRECTION('ref_axis',(0.,-1.,0.));
#2896=DIRECTION('',(0.,0.,1.));
#2897=DIRECTION('',(0.,-1.,0.));
#2898=DIRECTION('',(0.,0.,1.));
#2899=DIRECTION('center_axis',(0.,0.,1.));
#2900=DIRECTION('ref_axis',(1.,-7.40148672054363E-16,0.));
#2901=DIRECTION('',(0.,0.,1.));
#2902=DIRECTION('center_axis',(0.,0.,1.));
#2903=DIRECTION('ref_axis',(1.,-7.40148672054363E-16,0.));
#2904=DIRECTION('center_axis',(-1.,-2.77555752020386E-17,0.));
#2905=DIRECTION('ref_axis',(2.77555752020386E-17,-1.,0.));
#2906=DIRECTION('',(0.,0.,-1.));
#2907=DIRECTION('',(2.77555752020386E-17,-1.,0.));
#2908=DIRECTION('',(0.,0.,1.));
#2909=DIRECTION('center_axis',(0.,0.,1.));
#2910=DIRECTION('ref_axis',(1.,-7.40148672054363E-16,0.));
#2911=DIRECTION('',(0.,0.,1.));
#2912=DIRECTION('center_axis',(0.,0.,1.));
#2913=DIRECTION('ref_axis',(1.,-7.40148672054363E-16,0.));
#2914=DIRECTION('center_axis',(-1.,0.,0.));
#2915=DIRECTION('ref_axis',(0.,-1.,0.));
#2916=DIRECTION('',(0.,0.,1.));
#2917=DIRECTION('',(0.,-1.,0.));
#2918=DIRECTION('',(0.,0.,1.));
#2919=DIRECTION('center_axis',(0.,0.,1.));
#2920=DIRECTION('ref_axis',(1.,0.,0.));
#2921=DIRECTION('center_axis',(0.,0.,-1.));
#2922=DIRECTION('ref_axis',(1.,0.,0.));
#2923=DIRECTION('',(0.,0.,1.));
#2924=DIRECTION('center_axis',(0.,0.,1.));
#2925=DIRECTION('ref_axis',(1.,0.,0.));
#2926=DIRECTION('center_axis',(1.,0.,0.));
#2927=DIRECTION('ref_axis',(0.,1.,0.));
#2928=DIRECTION('',(0.,0.,1.));
#2929=DIRECTION('',(0.,1.,0.));
#2930=DIRECTION('',(0.,0.,1.));
#2931=DIRECTION('center_axis',(0.,0.,1.));
#2932=DIRECTION('ref_axis',(-0.983606560020093,0.180327854435856,0.));
#2933=DIRECTION('',(0.,0.,1.));
#2934=DIRECTION('center_axis',(0.,0.,1.));
#2935=DIRECTION('ref_axis',(-0.983606560020093,0.180327854435856,0.));
#2936=DIRECTION('center_axis',(-1.,0.,0.));
#2937=DIRECTION('ref_axis',(0.,-1.,0.));
#2938=DIRECTION('',(0.,0.,1.));
#2939=DIRECTION('',(0.,-1.,0.));
#2940=DIRECTION('center_axis',(0.,0.,1.));
#2941=DIRECTION('ref_axis',(1.,-1.48029736616688E-15,0.));
#2942=DIRECTION('center_axis',(0.,0.,1.));
#2943=DIRECTION('ref_axis',(1.,-1.48029736616688E-15,0.));
#2944=DIRECTION('center_axis',(0.,0.,-1.));
#2945=DIRECTION('ref_axis',(1.,-1.48029736616688E-15,0.));
#2946=DIRECTION('center_axis',(1.,0.,0.));
#2947=DIRECTION('ref_axis',(0.,1.,0.));
#2948=DIRECTION('',(0.,0.,1.));
#2949=DIRECTION('',(0.,1.,0.));
#2950=DIRECTION('',(0.,0.,1.));
#2951=DIRECTION('center_axis',(0.,0.,1.));
#2952=DIRECTION('ref_axis',(-0.983606560020093,0.180327854435856,0.));
#2953=DIRECTION('',(0.,0.,1.));
#2954=DIRECTION('center_axis',(0.,0.,1.));
#2955=DIRECTION('ref_axis',(-0.983606560020093,0.180327854435856,0.));
#2956=DIRECTION('center_axis',(-1.,0.,0.));
#2957=DIRECTION('ref_axis',(0.,-1.,0.));
#2958=DIRECTION('',(0.,0.,1.));
#2959=DIRECTION('',(0.,-1.,0.));
#2960=DIRECTION('center_axis',(0.,0.,1.));
#2961=DIRECTION('ref_axis',(1.,-1.48029736616688E-15,0.));
#2962=DIRECTION('center_axis',(0.,0.,1.));
#2963=DIRECTION('ref_axis',(1.,-1.48029736616688E-15,0.));
#2964=DIRECTION('center_axis',(0.,0.,-1.));
#2965=DIRECTION('ref_axis',(1.,-1.48029736616688E-15,0.));
#2966=DIRECTION('center_axis',(1.,0.,0.));
#2967=DIRECTION('ref_axis',(0.,1.,0.));
#2968=DIRECTION('',(0.,0.,1.));
#2969=DIRECTION('',(0.,1.,0.));
#2970=DIRECTION('',(0.,0.,1.));
#2971=DIRECTION('center_axis',(0.,0.,1.));
#2972=DIRECTION('ref_axis',(-1.,0.,0.));
#2973=DIRECTION('',(0.,0.,1.));
#2974=DIRECTION('center_axis',(0.,0.,1.));
#2975=DIRECTION('ref_axis',(-1.,0.,0.));
#2976=DIRECTION('center_axis',(-1.,0.,0.));
#2977=DIRECTION('ref_axis',(0.,-1.,0.));
#2978=DIRECTION('',(0.,0.,1.));
#2979=DIRECTION('',(0.,-1.,0.));
#2980=DIRECTION('center_axis',(0.,0.,1.));
#2981=DIRECTION('ref_axis',(1.,-1.85037170770859E-15,0.));
#2982=DIRECTION('center_axis',(0.,0.,1.));
#2983=DIRECTION('ref_axis',(1.,-1.85037170770859E-15,0.));
#2984=DIRECTION('center_axis',(0.,0.,-1.));
#2985=DIRECTION('ref_axis',(1.,-1.85037170770859E-15,0.));
#2986=DIRECTION('center_axis',(1.,0.,0.));
#2987=DIRECTION('ref_axis',(0.,1.,0.));
#2988=DIRECTION('',(0.,0.,1.));
#2989=DIRECTION('',(0.,1.,0.));
#2990=DIRECTION('',(0.,0.,1.));
#2991=DIRECTION('center_axis',(0.,0.,1.));
#2992=DIRECTION('ref_axis',(-1.,0.,0.));
#2993=DIRECTION('',(0.,0.,1.));
#2994=DIRECTION('center_axis',(0.,0.,1.));
#2995=DIRECTION('ref_axis',(-1.,0.,0.));
#2996=DIRECTION('center_axis',(-1.,0.,0.));
#2997=DIRECTION('ref_axis',(0.,-1.,0.));
#2998=DIRECTION('',(0.,0.,1.));
#2999=DIRECTION('',(0.,-1.,0.));
#3000=DIRECTION('center_axis',(0.,0.,1.));
#3001=DIRECTION('ref_axis',(1.,-1.85037170770859E-15,0.));
#3002=DIRECTION('center_axis',(0.,0.,1.));
#3003=DIRECTION('ref_axis',(1.,-1.85037170770859E-15,0.));
#3004=DIRECTION('center_axis',(0.,0.,-1.));
#3005=DIRECTION('ref_axis',(1.,-1.85037170770859E-15,0.));
#3006=DIRECTION('center_axis',(1.,0.,0.));
#3007=DIRECTION('ref_axis',(0.,1.,0.));
#3008=DIRECTION('',(0.,0.,1.));
#3009=DIRECTION('',(0.,1.,0.));
#3010=DIRECTION('',(0.,0.,1.));
#3011=DIRECTION('center_axis',(0.,0.,1.));
#3012=DIRECTION('ref_axis',(-0.983606560020093,0.180327854435856,0.));
#3013=DIRECTION('',(0.,0.,1.));
#3014=DIRECTION('center_axis',(0.,0.,1.));
#3015=DIRECTION('ref_axis',(-0.983606560020093,0.180327854435856,0.));
#3016=DIRECTION('center_axis',(-1.,0.,0.));
#3017=DIRECTION('ref_axis',(0.,-1.,0.));
#3018=DIRECTION('',(0.,0.,1.));
#3019=DIRECTION('',(0.,-1.,0.));
#3020=DIRECTION('center_axis',(0.,0.,1.));
#3021=DIRECTION('ref_axis',(1.,-1.48029736616688E-15,0.));
#3022=DIRECTION('center_axis',(0.,0.,1.));
#3023=DIRECTION('ref_axis',(1.,-1.48029736616688E-15,0.));
#3024=DIRECTION('center_axis',(0.,0.,-1.));
#3025=DIRECTION('ref_axis',(1.,-1.48029736616688E-15,0.));
#3026=DIRECTION('center_axis',(1.,0.,0.));
#3027=DIRECTION('ref_axis',(0.,1.,0.));
#3028=DIRECTION('',(0.,0.,1.));
#3029=DIRECTION('',(0.,1.,0.));
#3030=DIRECTION('',(0.,0.,1.));
#3031=DIRECTION('center_axis',(0.,0.,1.));
#3032=DIRECTION('ref_axis',(-0.983606560020093,0.180327854435856,0.));
#3033=DIRECTION('',(0.,0.,1.));
#3034=DIRECTION('center_axis',(0.,0.,1.));
#3035=DIRECTION('ref_axis',(-0.983606560020093,0.180327854435856,0.));
#3036=DIRECTION('center_axis',(-1.,0.,0.));
#3037=DIRECTION('ref_axis',(0.,-1.,0.));
#3038=DIRECTION('',(0.,0.,1.));
#3039=DIRECTION('',(0.,-1.,0.));
#3040=DIRECTION('center_axis',(0.,0.,1.));
#3041=DIRECTION('ref_axis',(1.,0.,0.));
#3042=DIRECTION('center_axis',(0.,0.,1.));
#3043=DIRECTION('ref_axis',(1.,0.,0.));
#3044=DIRECTION('center_axis',(0.,0.,-1.));
#3045=DIRECTION('ref_axis',(1.,0.,0.));
#3046=DIRECTION('center_axis',(1.,0.,0.));
#3047=DIRECTION('ref_axis',(0.,1.,0.));
#3048=DIRECTION('',(0.,0.,1.));
#3049=DIRECTION('',(0.,1.,0.));
#3050=DIRECTION('',(0.,0.,1.));
#3051=DIRECTION('center_axis',(0.,0.,1.));
#3052=DIRECTION('ref_axis',(-0.983606540197259,0.180327962560382,0.));
#3053=DIRECTION('',(0.,0.,1.));
#3054=DIRECTION('center_axis',(0.,0.,1.));
#3055=DIRECTION('ref_axis',(-0.983606540197259,0.180327962560382,0.));
#3056=DIRECTION('center_axis',(-1.,0.,0.));
#3057=DIRECTION('ref_axis',(0.,-1.,0.));
#3058=DIRECTION('',(0.,0.,1.));
#3059=DIRECTION('',(0.,-1.,0.));
#3060=DIRECTION('center_axis',(0.,0.,1.));
#3061=DIRECTION('ref_axis',(1.,0.,0.));
#3062=DIRECTION('center_axis',(0.,0.,1.));
#3063=DIRECTION('ref_axis',(1.,0.,0.));
#3064=DIRECTION('center_axis',(0.,0.,-1.));
#3065=DIRECTION('ref_axis',(1.,0.,0.));
#3066=DIRECTION('center_axis',(0.,0.,1.));
#3067=DIRECTION('ref_axis',(1.,0.,0.));
#3068=DIRECTION('center_axis',(0.,0.,1.));
#3069=DIRECTION('ref_axis',(1.,0.,0.));
#3070=DIRECTION('center_axis',(0.,0.,-1.));
#3071=DIRECTION('ref_axis',(-1.,0.,0.));
#3072=DIRECTION('center_axis',(0.,0.,-1.));
#3073=DIRECTION('ref_axis',(-1.,1.48029736616688E-15,0.));
#3074=DIRECTION('center_axis',(0.,0.,-1.));
#3075=DIRECTION('ref_axis',(-1.,1.48029736616688E-15,0.));
#3076=DIRECTION('center_axis',(0.,0.,-1.));
#3077=DIRECTION('ref_axis',(-1.,1.85037170770859E-15,0.));
#3078=DIRECTION('center_axis',(0.,0.,-1.));
#3079=DIRECTION('ref_axis',(-1.,1.85037170770859E-15,0.));
#3080=DIRECTION('center_axis',(0.,0.,-1.));
#3081=DIRECTION('ref_axis',(-1.,1.48029736616688E-15,0.));
#3082=DIRECTION('center_axis',(0.,0.,-1.));
#3083=DIRECTION('ref_axis',(-1.,1.48029736616687E-15,0.));
#3084=DIRECTION('center_axis',(0.,0.,-1.));
#3085=DIRECTION('ref_axis',(-1.,0.,0.));
#3086=DIRECTION('center_axis',(-1.,0.,0.));
#3087=DIRECTION('ref_axis',(0.,-1.,0.));
#3088=DIRECTION('',(0.,0.,1.));
#3089=DIRECTION('',(0.,-1.,0.));
#3090=DIRECTION('',(0.,0.,1.));
#3091=DIRECTION('center_axis',(0.,0.,1.));
#3092=DIRECTION('ref_axis',(-1.,0.,0.));
#3093=DIRECTION('center_axis',(0.,0.,1.));
#3094=DIRECTION('ref_axis',(-1.,0.,0.));
#3095=DIRECTION('',(0.,0.,1.));
#3096=DIRECTION('center_axis',(0.,0.,1.));
#3097=DIRECTION('ref_axis',(0.983606540197259,-0.180327962560381,0.));
#3098=DIRECTION('',(0.,0.,1.));
#3099=DIRECTION('center_axis',(0.,0.,1.));
#3100=DIRECTION('ref_axis',(0.983606540197259,-0.180327962560381,0.));
#3101=DIRECTION('center_axis',(0.,0.,1.));
#3102=DIRECTION('ref_axis',(-1.,0.,0.));
#3103=DIRECTION('',(0.,0.,1.));
#3104=DIRECTION('center_axis',(0.,0.,1.));
#3105=DIRECTION('ref_axis',(-1.,0.,0.));
#3106=DIRECTION('center_axis',(1.,0.,0.));
#3107=DIRECTION('ref_axis',(0.,1.,0.));
#3108=DIRECTION('',(0.,0.,1.));
#3109=DIRECTION('',(0.,1.,0.));
#3110=DIRECTION('',(0.,0.,1.));
#3111=DIRECTION('center_axis',(0.,0.,1.));
#3112=DIRECTION('ref_axis',(-1.,0.,0.));
#3113=DIRECTION('',(0.,0.,1.));
#3114=DIRECTION('center_axis',(0.,0.,1.));
#3115=DIRECTION('ref_axis',(-1.,0.,0.));
#3116=DIRECTION('center_axis',(1.,0.,0.));
#3117=DIRECTION('ref_axis',(0.,1.,0.));
#3118=DIRECTION('',(0.,0.,1.));
#3119=DIRECTION('',(0.,1.,0.));
#3120=DIRECTION('',(0.,0.,1.));
#3121=DIRECTION('center_axis',(0.,0.,1.));
#3122=DIRECTION('ref_axis',(-1.,0.,0.));
#3123=DIRECTION('',(0.,0.,1.));
#3124=DIRECTION('center_axis',(0.,0.,1.));
#3125=DIRECTION('ref_axis',(-1.,0.,0.));
#3126=DIRECTION('center_axis',(1.,0.,0.));
#3127=DIRECTION('ref_axis',(0.,1.,0.));
#3128=DIRECTION('',(0.,0.,1.));
#3129=DIRECTION('',(0.,1.,0.));
#3130=DIRECTION('',(0.,0.,1.));
#3131=DIRECTION('center_axis',(0.,0.,1.));
#3132=DIRECTION('ref_axis',(-1.,0.,0.));
#3133=DIRECTION('',(0.,0.,1.));
#3134=DIRECTION('center_axis',(0.,0.,1.));
#3135=DIRECTION('ref_axis',(-1.,0.,0.));
#3136=DIRECTION('center_axis',(1.,0.,0.));
#3137=DIRECTION('ref_axis',(0.,1.,0.));
#3138=DIRECTION('',(0.,0.,1.));
#3139=DIRECTION('',(0.,1.,0.));
#3140=DIRECTION('',(0.,0.,1.));
#3141=DIRECTION('center_axis',(0.,0.,1.));
#3142=DIRECTION('ref_axis',(0.983606560020093,-0.180327854435856,0.));
#3143=DIRECTION('center_axis',(0.,0.,1.));
#3144=DIRECTION('ref_axis',(0.983606560020093,-0.180327854435856,0.));
#3145=DIRECTION('',(0.,0.,1.));
#3146=DIRECTION('center_axis',(-1.,0.,0.));
#3147=DIRECTION('ref_axis',(0.,-1.,0.));
#3148=DIRECTION('',(0.,-1.,0.));
#3149=DIRECTION('',(0.,0.,1.));
#3150=DIRECTION('center_axis',(0.,0.,1.));
#3151=DIRECTION('ref_axis',(-1.,1.48029736616688E-15,0.));
#3152=DIRECTION('center_axis',(0.,0.,1.));
#3153=DIRECTION('ref_axis',(-1.,1.48029736616688E-15,0.));
#3154=DIRECTION('center_axis',(1.,0.,0.));
#3155=DIRECTION('ref_axis',(0.,1.,0.));
#3156=DIRECTION('',(0.,0.,1.));
#3157=DIRECTION('',(0.,1.,0.));
#3158=DIRECTION('',(0.,0.,1.));
#3159=DIRECTION('center_axis',(0.,0.,1.));
#3160=DIRECTION('ref_axis',(0.983606560020093,-0.180327854435856,0.));
#3161=DIRECTION('center_axis',(0.,0.,1.));
#3162=DIRECTION('ref_axis',(0.983606560020093,-0.180327854435856,0.));
#3163=DIRECTION('',(0.,0.,1.));
#3164=DIRECTION('center_axis',(-1.,0.,0.));
#3165=DIRECTION('ref_axis',(0.,-1.,0.));
#3166=DIRECTION('',(0.,-1.,0.));
#3167=DIRECTION('',(0.,0.,1.));
#3168=DIRECTION('center_axis',(0.,0.,1.));
#3169=DIRECTION('ref_axis',(-1.,1.48029736616687E-15,0.));
#3170=DIRECTION('center_axis',(0.,0.,1.));
#3171=DIRECTION('ref_axis',(-1.,1.48029736616687E-15,0.));
#3172=DIRECTION('center_axis',(-1.,0.,0.));
#3173=DIRECTION('ref_axis',(0.,-1.,0.));
#3174=DIRECTION('',(0.,0.,1.));
#3175=DIRECTION('',(0.,-1.,0.));
#3176=DIRECTION('center_axis',(0.,0.,1.));
#3177=DIRECTION('ref_axis',(1.,-7.40148672054363E-16,0.));
#3178=DIRECTION('center_axis',(0.,0.,1.));
#3179=DIRECTION('ref_axis',(1.,-7.40148672054363E-16,0.));
#3180=DIRECTION('center_axis',(-1.,0.,0.));
#3181=DIRECTION('ref_axis',(0.,-1.,0.));
#3182=DIRECTION('',(0.,0.,1.));
#3183=DIRECTION('',(0.,-1.,0.));
#3184=DIRECTION('center_axis',(0.,0.,1.));
#3185=DIRECTION('ref_axis',(1.,-7.40148672054362E-16,0.));
#3186=DIRECTION('center_axis',(0.,0.,1.));
#3187=DIRECTION('ref_axis',(1.,-7.40148672054362E-16,0.));
#3188=DIRECTION('center_axis',(0.,0.,1.));
#3189=DIRECTION('ref_axis',(-1.,0.,0.));
#3190=DIRECTION('',(0.,0.,1.));
#3191=DIRECTION('center_axis',(0.,0.,1.));
#3192=DIRECTION('ref_axis',(-1.,0.,0.));
#3193=DIRECTION('',(0.,0.,1.));
#3194=DIRECTION('center_axis',(1.,0.,0.));
#3195=DIRECTION('ref_axis',(0.,1.,0.));
#3196=DIRECTION('',(0.,1.,0.));
#3197=DIRECTION('',(0.,0.,1.));
#3198=DIRECTION('center_axis',(0.,0.,1.));
#3199=DIRECTION('ref_axis',(0.983606540197259,-0.180327962560381,0.));
#3200=DIRECTION('center_axis',(0.,0.,1.));
#3201=DIRECTION('ref_axis',(0.983606540197259,-0.180327962560381,0.));
#3202=DIRECTION('',(0.,0.,1.));
#3203=DIRECTION('center_axis',(-1.,0.,0.));
#3204=DIRECTION('ref_axis',(0.,-1.,0.));
#3205=DIRECTION('',(0.,-1.,0.));
#3206=DIRECTION('center_axis',(-1.,0.,0.));
#3207=DIRECTION('ref_axis',(0.,-1.,0.));
#3208=DIRECTION('',(0.,0.,1.));
#3209=DIRECTION('',(0.,-1.,0.));
#3210=DIRECTION('',(0.,0.,1.));
#3211=DIRECTION('center_axis',(0.,0.,1.));
#3212=DIRECTION('ref_axis',(-1.,1.48029736616688E-15,0.));
#3213=DIRECTION('center_axis',(0.,0.,1.));
#3214=DIRECTION('ref_axis',(-1.,1.48029736616688E-15,0.));
#3215=DIRECTION('',(0.,0.,1.));
#3216=DIRECTION('center_axis',(1.,0.,0.));
#3217=DIRECTION('ref_axis',(0.,1.,0.));
#3218=DIRECTION('',(0.,1.,0.));
#3219=DIRECTION('',(0.,0.,1.));
#3220=DIRECTION('center_axis',(0.,0.,1.));
#3221=DIRECTION('ref_axis',(0.983606560020093,-0.180327854435856,0.));
#3222=DIRECTION('center_axis',(0.,0.,1.));
#3223=DIRECTION('ref_axis',(0.983606560020093,-0.180327854435856,0.));
#3224=DIRECTION('center_axis',(-1.,0.,0.));
#3225=DIRECTION('ref_axis',(0.,-1.,0.));
#3226=DIRECTION('',(0.,0.,1.));
#3227=DIRECTION('',(0.,-1.,0.));
#3228=DIRECTION('',(0.,0.,1.));
#3229=DIRECTION('center_axis',(0.,0.,1.));
#3230=DIRECTION('ref_axis',(-1.,1.85037170770859E-15,0.));
#3231=DIRECTION('center_axis',(0.,0.,1.));
#3232=DIRECTION('ref_axis',(-1.,1.85037170770859E-15,0.));
#3233=DIRECTION('',(0.,0.,1.));
#3234=DIRECTION('center_axis',(1.,0.,0.));
#3235=DIRECTION('ref_axis',(0.,1.,0.));
#3236=DIRECTION('',(0.,1.,0.));
#3237=DIRECTION('',(0.,0.,1.));
#3238=DIRECTION('center_axis',(0.,0.,1.));
#3239=DIRECTION('ref_axis',(1.,0.,0.));
#3240=DIRECTION('center_axis',(0.,0.,1.));
#3241=DIRECTION('ref_axis',(1.,0.,0.));
#3242=DIRECTION('center_axis',(0.,0.,1.));
#3243=DIRECTION('ref_axis',(-1.,1.48029736616688E-15,0.));
#3244=DIRECTION('',(0.,0.,1.));
#3245=DIRECTION('center_axis',(0.,0.,1.));
#3246=DIRECTION('ref_axis',(-1.,1.48029736616688E-15,0.));
#3247=DIRECTION('',(0.,0.,1.));
#3248=DIRECTION('center_axis',(1.,0.,0.));
#3249=DIRECTION('ref_axis',(0.,1.,0.));
#3250=DIRECTION('',(0.,1.,0.));
#3251=DIRECTION('',(0.,0.,1.));
#3252=DIRECTION('center_axis',(0.,0.,1.));
#3253=DIRECTION('ref_axis',(0.983606560020093,-0.180327854435856,0.));
#3254=DIRECTION('center_axis',(0.,0.,1.));
#3255=DIRECTION('ref_axis',(0.983606560020093,-0.180327854435856,0.));
#3256=DIRECTION('',(0.,0.,1.));
#3257=DIRECTION('center_axis',(-1.,0.,0.));
#3258=DIRECTION('ref_axis',(0.,-1.,0.));
#3259=DIRECTION('',(0.,-1.,0.));
#3260=DIRECTION('center_axis',(1.,0.,0.));
#3261=DIRECTION('ref_axis',(0.,1.,0.));
#3262=DIRECTION('',(0.,0.,1.));
#3263=DIRECTION('',(0.,1.,0.));
#3264=DIRECTION('center_axis',(0.,0.,1.));
#3265=DIRECTION('ref_axis',(-1.,0.,0.));
#3266=DIRECTION('center_axis',(0.,0.,1.));
#3267=DIRECTION('ref_axis',(-1.,0.,0.));
#3268=DIRECTION('center_axis',(0.,0.,1.));
#3269=DIRECTION('ref_axis',(-0.983606540197259,0.180327962560381,0.));
#3270=DIRECTION('center_axis',(0.,0.,1.));
#3271=DIRECTION('ref_axis',(-0.983606540197259,0.180327962560381,0.));
#3272=DIRECTION('',(0.,0.,1.));
#3273=DIRECTION('center_axis',(1.,0.,0.));
#3274=DIRECTION('ref_axis',(0.,1.,0.));
#3275=DIRECTION('',(0.,1.,0.));
#3276=DIRECTION('center_axis',(1.,0.,0.));
#3277=DIRECTION('ref_axis',(0.,1.,0.));
#3278=DIRECTION('',(0.,0.,1.));
#3279=DIRECTION('',(0.,1.,0.));
#3280=DIRECTION('center_axis',(0.,0.,1.));
#3281=DIRECTION('ref_axis',(-1.,0.,0.));
#3282=DIRECTION('center_axis',(0.,0.,1.));
#3283=DIRECTION('ref_axis',(-1.,0.,0.));
#3284=DIRECTION('center_axis',(1.,0.,0.));
#3285=DIRECTION('ref_axis',(0.,1.,0.));
#3286=DIRECTION('',(0.,0.,1.));
#3287=DIRECTION('',(0.,1.,0.));
#3288=DIRECTION('',(0.,0.,1.));
#3289=DIRECTION('center_axis',(0.,0.,1.));
#3290=DIRECTION('ref_axis',(1.,0.,0.));
#3291=DIRECTION('center_axis',(0.,0.,1.));
#3292=DIRECTION('ref_axis',(1.,0.,0.));
#3293=DIRECTION('',(0.,0.,1.));
#3294=DIRECTION('center_axis',(-1.,0.,0.));
#3295=DIRECTION('ref_axis',(0.,-1.,0.));
#3296=DIRECTION('',(0.,-1.,0.));
#3297=DIRECTION('',(0.,0.,1.));
#3298=DIRECTION('center_axis',(0.,0.,1.));
#3299=DIRECTION('ref_axis',(-1.,1.85037170770859E-15,0.));
#3300=DIRECTION('center_axis',(0.,0.,1.));
#3301=DIRECTION('ref_axis',(-1.,1.85037170770859E-15,0.));
#3302=DIRECTION('center_axis',(1.,0.,0.));
#3303=DIRECTION('ref_axis',(0.,1.,0.));
#3304=DIRECTION('',(0.,1.,0.));
#3305=DIRECTION('center_axis',(-1.,0.,0.));
#3306=DIRECTION('ref_axis',(0.,-1.,0.));
#3307=DIRECTION('',(0.,0.,1.));
#3308=DIRECTION('',(0.,-1.,0.));
#3309=DIRECTION('center_axis',(0.,0.,1.));
#3310=DIRECTION('ref_axis',(1.,7.40148672054363E-16,0.));
#3311=DIRECTION('center_axis',(0.,0.,1.));
#3312=DIRECTION('ref_axis',(1.,7.40148672054363E-16,0.));
#3313=DIRECTION('center_axis',(-1.,0.,0.));
#3314=DIRECTION('ref_axis',(0.,-1.,0.));
#3315=DIRECTION('',(0.,0.,1.));
#3316=DIRECTION('',(0.,-1.,0.));
#3317=DIRECTION('center_axis',(0.,0.,1.));
#3318=DIRECTION('ref_axis',(1.,7.40148672054363E-16,0.));
#3319=DIRECTION('center_axis',(0.,0.,1.));
#3320=DIRECTION('ref_axis',(1.,7.40148672054363E-16,0.));
#3321=DIRECTION('center_axis',(-1.,0.,0.));
#3322=DIRECTION('ref_axis',(0.,-1.,0.));
#3323=DIRECTION('',(0.,0.,1.));
#3324=DIRECTION('',(0.,-1.,0.));
#3325=DIRECTION('center_axis',(0.,0.,1.));
#3326=DIRECTION('ref_axis',(1.,7.40148672054363E-16,0.));
#3327=DIRECTION('center_axis',(0.,0.,1.));
#3328=DIRECTION('ref_axis',(1.,7.40148672054363E-16,0.));
#3329=DIRECTION('center_axis',(-1.,0.,0.));
#3330=DIRECTION('ref_axis',(0.,-1.,0.));
#3331=DIRECTION('',(0.,0.,1.));
#3332=DIRECTION('',(0.,-1.,0.));
#3333=DIRECTION('center_axis',(0.,0.,1.));
#3334=DIRECTION('ref_axis',(1.,7.40148672054363E-16,0.));
#3335=DIRECTION('center_axis',(0.,0.,1.));
#3336=DIRECTION('ref_axis',(1.,7.40148672054363E-16,0.));
#3337=DIRECTION('center_axis',(0.,0.,1.));
#3338=DIRECTION('ref_axis',(1.,0.,0.));
#3339=DIRECTION('center_axis',(0.,0.,-1.));
#3340=DIRECTION('ref_axis',(1.,0.,0.));
#3341=DIRECTION('center_axis',(1.22464679914735E-16,-1.,0.));
#3342=DIRECTION('ref_axis',(-1.,-1.22464679914735E-16,0.));
#3343=DIRECTION('center_axis',(0.,0.,1.));
#3344=DIRECTION('ref_axis',(1.,0.,0.));
#3345=DIRECTION('center_axis',(0.,0.,1.));
#3346=DIRECTION('ref_axis',(1.,0.,0.));
#3347=DIRECTION('',(0.,0.,-1.));
#3348=DIRECTION('center_axis',(0.,0.,1.));
#3349=DIRECTION('ref_axis',(1.,0.,0.));
#3350=DIRECTION('',(0.,0.,1.));
#3351=DIRECTION('',(1.,0.,0.));
#3352=CARTESIAN_POINT('',(0.,0.,0.));
#3353=CARTESIAN_POINT('',(0.,0.,0.));
#3354=CARTESIAN_POINT('Origin',(-1.00000001490116,3.00000007450581,8.));
#3355=CARTESIAN_POINT('',(2.00000002980232,3.00000007450581,10.));
#3356=CARTESIAN_POINT('',(2.00000002980232,5.00000007450581,8.));
#3357=CARTESIAN_POINT('Origin',(2.00000023841858,3.00000007450581,8.));
#3358=CARTESIAN_POINT('',(-2.00000002980232,5.00000007450581,8.));
#3359=CARTESIAN_POINT('',(-1.00000001490116,5.00000007450581,8.));
#3360=CARTESIAN_POINT('',(-2.00000002980232,3.00000007450581,10.));
#3361=CARTESIAN_POINT('Origin',(-2.00000023841858,3.00000007450581,8.));
#3362=CARTESIAN_POINT('',(-1.00000001490116,3.00000007450581,10.));
#3363=CARTESIAN_POINT('Origin',(0.,0.,10.));
#3364=CARTESIAN_POINT('',(-2.00000002980232,-3.00000007450581,10.));
#3365=CARTESIAN_POINT('',(-2.00000002980232,-5.00000007450581,10.));
#3366=CARTESIAN_POINT('',(2.00000002980232,-3.00000007450581,10.));
#3367=CARTESIAN_POINT('',(1.00000001490116,-3.00000007450581,10.));
#3368=CARTESIAN_POINT('',(2.00000002980232,5.00000007450581,10.));
#3369=CARTESIAN_POINT('Origin',(-2.00000023841858,-5.00000007450581,0.));
#3370=CARTESIAN_POINT('',(-2.00000002980232,5.00000007450581,5.57617165464714));
#3371=CARTESIAN_POINT('',(-2.00000002980232,5.00000007450581,10.));
#3372=CARTESIAN_POINT('',(-2.00000023841858,5.00000007450581,0.));
#3373=CARTESIAN_POINT('',(-2.00000002980232,5.00000007450581,10.));
#3374=CARTESIAN_POINT('',(-2.00000023841858,-5.00000007450581,0.));
#3375=CARTESIAN_POINT('',(-2.00000023841858,-2.5000000372529,0.));
#3376=CARTESIAN_POINT('',(-2.00000002980232,-5.00000007450581,5.57617165464714));
#3377=CARTESIAN_POINT('',(-2.00000023841858,-5.00000007450581,0.));
#3378=CARTESIAN_POINT('',(-2.00000002980232,-5.00000007450581,8.));
#3379=CARTESIAN_POINT('',(-2.00000002980232,-5.00000007450581,10.));
#3380=CARTESIAN_POINT('Origin',(-2.00000023841858,-3.00000007450581,8.));
#3381=CARTESIAN_POINT('Origin',(1.00000001490116,-3.00000007450581,8.));
#3382=CARTESIAN_POINT('',(2.00000002980232,-5.00000007450581,8.));
#3383=CARTESIAN_POINT('',(1.00000001490116,-5.00000007450581,8.));
#3384=CARTESIAN_POINT('Origin',(2.00000023841858,-3.00000007450581,8.));
#3385=CARTESIAN_POINT('Origin',(0.,-6.00000007450581,40.0000005960464));
#3386=CARTESIAN_POINT('',(-2.56311434457636,-6.17142863614308,4.62566083411241));
#3387=CARTESIAN_POINT('Ctrl Pts',(-2.00000023841858,-5.00000007450581,5.5761716547576));
#3388=CARTESIAN_POINT('Ctrl Pts',(-2.00000023841858,-5.00000007510387,5.52620674631285));
#3389=CARTESIAN_POINT('Ctrl Pts',(-1.99998623604371,-5.00373220778124,5.47620832123822));
#3390=CARTESIAN_POINT('Ctrl Pts',(-2.00018780338699,-5.03070066236461,5.29733693076283));
#3391=CARTESIAN_POINT('Ctrl Pts',(-2.00038356452747,-5.07526786217929,5.1732630623339));
#3392=CARTESIAN_POINT('Ctrl Pts',(-2.01267573285656,-5.20438284148979,4.95809465242356));
#3393=CARTESIAN_POINT('Ctrl Pts',(-2.02409230362194,-5.28459899558378,4.86756561735845));
#3394=CARTESIAN_POINT('Ctrl Pts',(-2.07115065338339,-5.46534851428905,4.72645302653579));
#3395=CARTESIAN_POINT('Ctrl Pts',(-2.10440799866453,-5.56044275423429,4.67653300067424));
#3396=CARTESIAN_POINT('Ctrl Pts',(-2.202098451696,-5.76058822611354,4.60949096678386));
#3397=CARTESIAN_POINT('Ctrl Pts',(-2.26538935558827,-5.86024794470653,4.59595109310159));
#3398=CARTESIAN_POINT('Ctrl Pts',(-2.4065934932647,-6.03200327733395,4.59711934457084));
#3399=CARTESIAN_POINT('Ctrl Pts',(-2.48072854529057,-6.10553805471354,4.60819610884171));
#3400=CARTESIAN_POINT('Ctrl Pts',(-2.56311435023706,-6.17142862875036,4.62566083531241));
#3401=CARTESIAN_POINT('',(2.56311434457636,-6.17142863614308,4.62566083411241));
#3402=CARTESIAN_POINT('Origin',(0.,-6.17142864806311,40.0000005960464));
#3403=CARTESIAN_POINT('',(2.00000002980232,-5.00000007450581,5.57617165464714));
#3404=CARTESIAN_POINT('Ctrl Pts',(2.56311435023575,-6.17142862874931,4.62566083531213));
#3405=CARTESIAN_POINT('Ctrl Pts',(2.49847750392822,-6.11973332869236,4.61195865880952));
#3406=CARTESIAN_POINT('Ctrl Pts',(2.43779849113652,-6.06242242834684,4.6019211630184));
#3407=CARTESIAN_POINT('Ctrl Pts',(2.38196624203242,-6.0000000745058,4.59816456314999));
#3408=CARTESIAN_POINT('Ctrl Pts',(2.29587838729606,-5.90375092431039,4.59237225442226));
#3409=CARTESIAN_POINT('Ctrl Pts',(2.22351530267555,-5.79762361183844,4.60157037182264));
#3410=CARTESIAN_POINT('Ctrl Pts',(2.11766902426732,-5.59199704827976,4.66309730239936));
#3411=CARTESIAN_POINT('Ctrl Pts',(2.08236518208699,-5.49858066422471,4.70754818472968));
#3412=CARTESIAN_POINT('Ctrl Pts',(2.03257483902162,-5.32387083956545,4.83215515555609));
#3413=CARTESIAN_POINT('Ctrl Pts',(2.01897608309096,-5.24633446853212,4.90967680719628));
#3414=CARTESIAN_POINT('Ctrl Pts',(2.00253383071759,-5.11232906690989,5.09913454812935));
#3415=CARTESIAN_POINT('Ctrl Pts',(2.00092176873278,-5.06058216765761,5.21149158883961));
#3416=CARTESIAN_POINT('Ctrl Pts',(1.99989833646134,-5.0102285010346,5.41101124679282));
#3417=CARTESIAN_POINT('Ctrl Pts',(2.00000023841858,-5.00000007551542,5.49345830994464));
#3418=CARTESIAN_POINT('Ctrl Pts',(2.00000023841858,-5.00000007450581,5.57617165452027));
#3419=CARTESIAN_POINT('Origin',(0.,-5.00000007450581,40.0000005960464));
#3420=CARTESIAN_POINT('Origin',(2.00000002980232,-5.00000007450581,10.));
#3421=CARTESIAN_POINT('',(2.00000002980232,-5.00000007450581,10.));
#3422=CARTESIAN_POINT('Origin',(0.,6.00000007450581,40.0000005960464));
#3423=CARTESIAN_POINT('',(2.56311434457637,6.17142863614308,4.62566083411241));
#3424=CARTESIAN_POINT('',(2.00000002980232,5.00000007450581,5.57617165464714));
#3425=CARTESIAN_POINT('Ctrl Pts',(2.00000023841858,5.00000007450581,5.5761716547576));
#3426=CARTESIAN_POINT('Ctrl Pts',(2.00000023841858,5.00000007510387,5.52620674631285));
#3427=CARTESIAN_POINT('Ctrl Pts',(1.99998623604371,5.00373220778125,5.47620832123822));
#3428=CARTESIAN_POINT('Ctrl Pts',(2.00018780338699,5.03070066236461,5.29733693076282));
#3429=CARTESIAN_POINT('Ctrl Pts',(2.00038356452747,5.0752678621793,5.17326306233388));
#3430=CARTESIAN_POINT('Ctrl Pts',(2.01267573285656,5.20438284148979,4.95809465242356));
#3431=CARTESIAN_POINT('Ctrl Pts',(2.02409230362194,5.28459899558379,4.86756561735845));
#3432=CARTESIAN_POINT('Ctrl Pts',(2.07115065338339,5.46534851428906,4.72645302653578));
#3433=CARTESIAN_POINT('Ctrl Pts',(2.10440799866454,5.56044275423431,4.67653300067424));
#3434=CARTESIAN_POINT('Ctrl Pts',(2.20209845169601,5.76058822611356,4.60949096678385));
#3435=CARTESIAN_POINT('Ctrl Pts',(2.2653893555883,5.86024794470656,4.59595109310159));
#3436=CARTESIAN_POINT('Ctrl Pts',(2.4065934932646,6.03200327733382,4.59711934457084));
#3437=CARTESIAN_POINT('Ctrl Pts',(2.48072854529043,6.10553805471342,4.60819610884168));
#3438=CARTESIAN_POINT('Ctrl Pts',(2.56311435023706,6.17142862875036,4.62566083531241));
#3439=CARTESIAN_POINT('',(-2.56311434457637,6.17142863614308,4.62566083411241));
#3440=CARTESIAN_POINT('Origin',(0.,6.17142864806311,40.0000005960464));
#3441=CARTESIAN_POINT('Ctrl Pts',(-2.56311435023575,6.17142862874931,4.62566083531213));
#3442=CARTESIAN_POINT('Ctrl Pts',(-2.49847750392827,6.11973332869239,4.61195865880953));
#3443=CARTESIAN_POINT('Ctrl Pts',(-2.43779849113649,6.06242242834687,4.60192116301839));
#3444=CARTESIAN_POINT('Ctrl Pts',(-2.38196624203236,6.0000000745058,4.59816456314998));
#3445=CARTESIAN_POINT('Ctrl Pts',(-2.29587838729591,5.90375092431028,4.59237225442225));
#3446=CARTESIAN_POINT('Ctrl Pts',(-2.22351530267551,5.79762361183838,4.60157037182266));
#3447=CARTESIAN_POINT('Ctrl Pts',(-2.1176690242673,5.59199704827974,4.66309730239937));
#3448=CARTESIAN_POINT('Ctrl Pts',(-2.08236518208698,5.49858066422469,4.70754818472969));
#3449=CARTESIAN_POINT('Ctrl Pts',(-2.03257483902163,5.32387083956545,4.83215515555609));
#3450=CARTESIAN_POINT('Ctrl Pts',(-2.01897608309096,5.24633446853212,4.90967680719627));
#3451=CARTESIAN_POINT('Ctrl Pts',(-2.00253383071758,5.11232906690988,5.09913454812937));
#3452=CARTESIAN_POINT('Ctrl Pts',(-2.00092176873278,5.0605821676576,5.21149158883963));
#3453=CARTESIAN_POINT('Ctrl Pts',(-1.99989833646135,5.0102285010346,5.41101124679283));
#3454=CARTESIAN_POINT('Ctrl Pts',(-2.00000023841858,5.00000007551542,5.49345830994465));
#3455=CARTESIAN_POINT('Ctrl Pts',(-2.00000023841858,5.00000007450581,5.57617165452027));
#3456=CARTESIAN_POINT('Origin',(0.,5.00000007450581,40.0000005960464));
#3457=CARTESIAN_POINT('Origin',(-2.00000002980232,5.00000007450581,10.));
#3458=CARTESIAN_POINT('',(2.00000002980232,5.00000007450581,10.));
#3459=CARTESIAN_POINT('Origin',(0.,0.,40.0000005960464));
#3460=CARTESIAN_POINT('',(-5.00000028312206,-5.00000007450581,4.7012754572582));
#3461=CARTESIAN_POINT('Ctrl Pts',(-5.00000028312206,-5.00000007450581,4.7012754572582));
#3462=CARTESIAN_POINT('Ctrl Pts',(-5.00000028312206,-5.18763889853164,4.72785415465933));
#3463=CARTESIAN_POINT('Ctrl Pts',(-4.96261528776981,-5.38842172699912,4.75262022577521));
#3464=CARTESIAN_POINT('Ctrl Pts',(-4.80946674934634,-5.75855895333179,4.78993824823288));
#3465=CARTESIAN_POINT('Ctrl Pts',(-4.69368151835382,-5.92790505337312,4.8024834927351));
#3466=CARTESIAN_POINT('Ctrl Pts',(-4.42627462201129,-6.19477961408896,4.81380568035059));
#3467=CARTESIAN_POINT('Ctrl Pts',(-4.25744694172494,-6.31004056329449,4.8133906175877));
#3468=CARTESIAN_POINT('Ctrl Pts',(-3.88807218217241,-6.46264553978326,4.79833734725187));
#3469=CARTESIAN_POINT('Ctrl Pts',(-3.68752930994414,-6.50000009685755,4.78370265786037));
#3470=CARTESIAN_POINT('Ctrl Pts',(-3.31094693578057,-6.50000009685755,4.74629550068799));
#3471=CARTESIAN_POINT('Ctrl Pts',(-3.10994380437071,-6.46210498174789,4.72096728052976));
#3472=CARTESIAN_POINT('Ctrl Pts',(-2.79408336884116,-6.3311285669602,4.67110929232923));
#3473=CARTESIAN_POINT('Ctrl Pts',(-2.67074895227155,-6.25751270256506,4.64847798232166));
#3474=CARTESIAN_POINT('Ctrl Pts',(-2.56311435023556,-6.17142862874917,4.62566083531209));
#3475=CARTESIAN_POINT('',(-5.00000028312206,-6.12323434246129E-16,4.34891369580203));
#3476=CARTESIAN_POINT('Origin',(-5.00000028312206,0.,40.0000005960464));
#3477=CARTESIAN_POINT('',(-6.66666690508524,-8.16431228629424E-16,4.62266954385087));
#3478=CARTESIAN_POINT('Origin',(0.,0.,40.0000005960464));
#3479=CARTESIAN_POINT('',(-6.66666690508524,-5.00000007450581,4.97778548004353));
#3480=CARTESIAN_POINT('Origin',(-6.66666690508524,0.,40.0000005960464));
#3481=CARTESIAN_POINT('',(-9.66666694978873,-5.00000007450581,5.68447132230794));
#3482=CARTESIAN_POINT('Ctrl Pts',(-9.66666694978873,-5.00000007450581,5.68447132230794));
#3483=CARTESIAN_POINT('Ctrl Pts',(-9.66666694978873,-5.18632301767762,5.71161981016339));
#3484=CARTESIAN_POINT('Ctrl Pts',(-9.62973140676039,-5.38624431811366,5.73199123810312));
#3485=CARTESIAN_POINT('Ctrl Pts',(-9.47805957490283,-5.75497794767857,5.74965117165113));
#3486=CARTESIAN_POINT('Ctrl Pts',(-9.36330144068539,-5.92378175683884,5.74692994380058));
#3487=CARTESIAN_POINT('Ctrl Pts',(-9.0959289759114,-6.19295574253113,5.72248320335158));
#3488=CARTESIAN_POINT('Ctrl Pts',(-8.92538657109314,-6.30946444002832,5.69884065803312));
#3489=CARTESIAN_POINT('Ctrl Pts',(-8.55410565109316,-6.46295726157246,5.63288113570142));
#3490=CARTESIAN_POINT('Ctrl Pts',(-8.35338734767003,-6.50000009685755,5.59058703041137));
#3491=CARTESIAN_POINT('Ctrl Pts',(-7.97640782773159,-6.50000009685755,5.50123033915831));
#3492=CARTESIAN_POINT('Ctrl Pts',(-7.77458754322522,-6.46169168625092,5.44792963190762));
#3493=CARTESIAN_POINT('Ctrl Pts',(-7.40416041316449,-6.30723093752273,5.33819848906986));
#3494=CARTESIAN_POINT('Ctrl Pts',(-7.23554791802687,-6.19109020326751,5.28177079163479));
#3495=CARTESIAN_POINT('Ctrl Pts',(-6.97182057623126,-5.92557810697625,5.18164259966447));
#3496=CARTESIAN_POINT('Ctrl Pts',(-6.85748404960419,-5.7587378758501,5.13091047658695));
#3497=CARTESIAN_POINT('Ctrl Pts',(-6.70488108517589,-5.39092858147979,5.04253996408193));
#3498=CARTESIAN_POINT('Ctrl Pts',(-6.66666690508524,-5.18993768538584,5.00490221339138));
#3499=CARTESIAN_POINT('Ctrl Pts',(-6.66666690508524,-5.00000007450581,4.97778548004353));
#3500=CARTESIAN_POINT('',(-9.66666694978873,-1.18382527384823E-15,5.32211787403093));
#3501=CARTESIAN_POINT('Origin',(-9.66666694978873,0.,40.0000005960464));
#3502=CARTESIAN_POINT('',(-11.3333335717519,-1.38793306823152E-15,5.83048859848638));
#3503=CARTESIAN_POINT('Origin',(0.,0.,40.0000005960464));
#3504=CARTESIAN_POINT('',(-11.3333335717519,-5.00000007450581,6.19829132852059));
#3505=CARTESIAN_POINT('Origin',(-11.3333335717519,0.,40.0000005960464));
#3506=CARTESIAN_POINT('',(-14.3333336164554,-5.00000007450581,7.35715227218948));
#3507=CARTESIAN_POINT('Ctrl Pts',(-14.3333336164554,-5.00000007450581,7.35715227218948));
#3508=CARTESIAN_POINT('Ctrl Pts',(-14.3333336164554,-5.18463981149244,7.38543407803959));
#3509=CARTESIAN_POINT('Ctrl Pts',(-14.2969526796807,-5.38317517920732,7.40157157486523));
#3510=CARTESIAN_POINT('Ctrl Pts',(-14.1478929776061,-5.7489577633246,7.39899425400593));
#3511=CARTESIAN_POINT('Ctrl Pts',(-14.0352198372332,-5.91620729582405,7.38028283138159));
#3512=CARTESIAN_POINT('Ctrl Pts',(-13.7687656859456,-6.1890323479505,7.31733150268814));
#3513=CARTESIAN_POINT('Ctrl Pts',(-13.5954366334867,-6.30779624512097,7.26743701781452));
#3514=CARTESIAN_POINT('Ctrl Pts',(-13.2207766149236,-6.46322251149557,7.14451810691995));
#3515=CARTESIAN_POINT('Ctrl Pts',(-13.0194763041811,-6.50000009685755,7.07154596346269));
#3516=CARTESIAN_POINT('Ctrl Pts',(-12.6416993644358,-6.50000009685755,6.92463645285712));
#3517=CARTESIAN_POINT('Ctrl Pts',(-12.4385909108886,-6.46122724682176,6.84005429150669));
#3518=CARTESIAN_POINT('Ctrl Pts',(-12.0652503896815,-6.30424505414904,6.6723203942232));
#3519=CARTESIAN_POINT('Ctrl Pts',(-11.8950245553169,-6.18602252847881,6.58916712260463));
#3520=CARTESIAN_POINT('Ctrl Pts',(-11.6343408036366,-5.91922988275063,6.44941236804024));
#3521=CARTESIAN_POINT('Ctrl Pts',(-11.5223631326227,-5.75511365415248,6.38221124163377));
#3522=CARTESIAN_POINT('Ctrl Pts',(-11.3718002258758,-5.39084582331341,6.27074197179067));
#3523=CARTESIAN_POINT('Ctrl Pts',(-11.3333335717519,-5.19063994438356,6.22649106706187));
#3524=CARTESIAN_POINT('Ctrl Pts',(-11.3333335717519,-5.00000007450581,6.1982913285206));
#3525=CARTESIAN_POINT('',(-14.3333336164554,-1.75532711345033E-15,6.97644010600555));
#3526=CARTESIAN_POINT('Origin',(-14.3333336164554,0.,40.0000005960464));
#3527=CARTESIAN_POINT('',(-16.0000002384186,-1.95943490783362E-15,7.75096972114099));
#3528=CARTESIAN_POINT('Origin',(0.,0.,40.0000005960464));
#3529=CARTESIAN_POINT('',(-16.0000002384186,-5.00000007450581,8.14093608332813));
#3530=CARTESIAN_POINT('Origin',(-16.0000002384186,0.,40.0000005960464));
#3531=CARTESIAN_POINT('',(-19.0000002831221,-5.00000007450581,9.83379452872165));
#3532=CARTESIAN_POINT('Ctrl Pts',(-19.0000002831221,-5.00000007450581,9.83379452872165));
#3533=CARTESIAN_POINT('Ctrl Pts',(-19.0000002831221,-5.18242418386447,9.86403103106302));
#3534=CARTESIAN_POINT('Ctrl Pts',(-18.9643241861603,-5.37888295493784,9.87592432773114));
#3535=CARTESIAN_POINT('Ctrl Pts',(-18.8193490696802,-5.73967268064399,9.85159760662459));
#3536=CARTESIAN_POINT('Ctrl Pts',(-18.7101376019226,-5.90404355591372,9.81544803337384));
#3537=CARTESIAN_POINT('Ctrl Pts',(-18.4455415940775,-6.18253959330259,9.70835246213019));
#3538=CARTESIAN_POINT('Ctrl Pts',(-18.268114766825,-6.30474443456958,9.62603536358549));
#3539=CARTESIAN_POINT('Ctrl Pts',(-17.8883051996732,-6.46341292376831,9.43393421644693));
#3540=CARTESIAN_POINT('Ctrl Pts',(-17.6859374871809,-6.50000009685755,9.3242225108703));
#3541=CARTESIAN_POINT('Ctrl Pts',(-17.3067901066501,-6.50000009685755,9.10866830157545));
#3542=CARTESIAN_POINT('Ctrl Pts',(-17.1018236712943,-6.46070490414743,8.98640155630373));
#3543=CARTESIAN_POINT('Ctrl Pts',(-16.7237474102433,-6.29985963619344,8.74804950074541));
#3544=CARTESIAN_POINT('Ctrl Pts',(-16.5506591364573,-6.17826781136153,8.63195818052248));
#3545=CARTESIAN_POINT('Ctrl Pts',(-16.2940133265035,-5.90864755562483,8.44638708832353));
#3546=CARTESIAN_POINT('Ctrl Pts',(-16.1857969492479,-5.74861789971686,8.36116889246776));
#3547=CARTESIAN_POINT('Ctrl Pts',(-16.0386840372866,-5.3900180905629,8.22342712529449));
#3548=CARTESIAN_POINT('Ctrl Pts',(-16.0000002384186,-5.19133719598879,8.17096476233372));
#3549=CARTESIAN_POINT('Ctrl Pts',(-16.0000002384186,-5.00000007450581,8.14093608332813));
#3550=CARTESIAN_POINT('',(-19.0000002831221,-2.32682895305242E-15,9.42223106912769));
#3551=CARTESIAN_POINT('Origin',(-19.0000002831221,0.,40.0000005960464));
#3552=CARTESIAN_POINT('',(-19.8997478435585,-2.43701625004534E-15,10.));
#3553=CARTESIAN_POINT('Origin',(0.,0.,40.0000005960464));
#3554=CARTESIAN_POINT('',(-16.6596364838992,-10.8837712426138,10.));
#3555=CARTESIAN_POINT('Origin',(0.,0.,10.));
#3556=CARTESIAN_POINT('',(-16.666666927437,-10.7387129664729,9.95166857322718));
#3557=CARTESIAN_POINT('Ctrl Pts',(-16.666666927437,-10.7387129664729,9.95166857322718));
#3558=CARTESIAN_POINT('Ctrl Pts',(-16.666666927437,-10.7860295392336,9.96857863309502));
#3559=CARTESIAN_POINT('Ctrl Pts',(-16.6644172159643,-10.8345669667833,9.98480390616969));
#3560=CARTESIAN_POINT('Ctrl Pts',(-16.6596364838992,-10.8837712426138,10.));
#3561=CARTESIAN_POINT('',(-16.666666927437,-7.49999983236194,8.98432365607867));
#3562=CARTESIAN_POINT('Origin',(-16.666666927437,0.,40.0000005960464));
#3563=CARTESIAN_POINT('',(-13.666666927437,-7.49999983236194,7.55046720018587));
#3564=CARTESIAN_POINT('Ctrl Pts',(-13.666666927437,-7.49999983236194,7.55046720018587));
#3565=CARTESIAN_POINT('Ctrl Pts',(-13.6687408473256,-7.48868754813671,7.54872607938908));
#3566=CARTESIAN_POINT('Ctrl Pts',(-13.6709444057614,-7.47738974092962,7.54704915935358));
#3567=CARTESIAN_POINT('Ctrl Pts',(-13.7142550002119,-7.26799491728593,7.51712525132848));
#3568=CARTESIAN_POINT('Ctrl Pts',(-13.7974850722042,-7.07620861026269,7.51009172288779));
#3569=CARTESIAN_POINT('Ctrl Pts',(-14.019031602782,-6.75095027299208,7.53568614796007));
#3570=CARTESIAN_POINT('Ctrl Pts',(-14.1714890850341,-6.60141720916327,7.57107538232202));
#3571=CARTESIAN_POINT('Ctrl Pts',(-14.5168483022144,-6.38022005336957,7.67974518221835));
#3572=CARTESIAN_POINT('Ctrl Pts',(-14.7096485203728,-6.30837001220872,7.75296976453265));
#3573=CARTESIAN_POINT('Ctrl Pts',(-15.0868293523629,-6.23922015586884,7.91408421186128));
#3574=CARTESIAN_POINT('Ctrl Pts',(-15.2976288858426,-6.24197314397716,8.01448550010434));
#3575=CARTESIAN_POINT('Ctrl Pts',(-15.6963314068614,-6.33043163974937,8.22573947431027));
#3576=CARTESIAN_POINT('Ctrl Pts',(-15.8842484153479,-6.41606204270244,8.33659714004771));
#3577=CARTESIAN_POINT('Ctrl Pts',(-16.1908498743082,-6.63018315872694,8.53667757573478));
#3578=CARTESIAN_POINT('Ctrl Pts',(-16.3339510156427,-6.77317715974137,8.64117756619276));
#3579=CARTESIAN_POINT('Ctrl Pts',(-16.5540373101222,-7.11061727306521,8.83186563151244));
#3580=CARTESIAN_POINT('Ctrl Pts',(-16.6309428598305,-7.30514138644305,8.91800753304842));
#3581=CARTESIAN_POINT('Ctrl Pts',(-16.666666927437,-7.49999983236194,8.98432365607867));
#3582=CARTESIAN_POINT('',(-13.666666927437,-10.7387129664729,8.47378517271649));
#3583=CARTESIAN_POINT('Origin',(-13.666666927437,0.,40.0000005960464));
#3584=CARTESIAN_POINT('',(-15.7993819963272,-12.0987393050411,10.));
#3585=CARTESIAN_POINT('Ctrl Pts',(-15.7993819963272,-12.0987393050411,10.));
#3586=CARTESIAN_POINT('Ctrl Pts',(-15.7777703758709,-12.1087935205647,9.99267310299188));
#3587=CARTESIAN_POINT('Ctrl Pts',(-15.7559668124733,-12.1183099982883,9.98505936608675));
#3588=CARTESIAN_POINT('Ctrl Pts',(-15.5464461903604,-12.2039171066208,9.90983594957181));
#3589=CARTESIAN_POINT('Ctrl Pts',(-15.3474585121288,-12.2387129664729,9.82202329228813));
#3590=CARTESIAN_POINT('Ctrl Pts',(-14.9703275798473,-12.2387129664729,9.63305434214054));
#3591=CARTESIAN_POINT('Ctrl Pts',(-14.766057760906,-12.1982799031157,9.51687901217386));
#3592=CARTESIAN_POINT('Ctrl Pts',(-14.3941392306644,-12.0402599173686,9.27710859641889));
#3593=CARTESIAN_POINT('Ctrl Pts',(-14.2264764532594,-11.9226891904166,9.15352465624361));
#3594=CARTESIAN_POINT('Ctrl Pts',(-13.9699512681692,-11.6603862822543,8.93686349087616));
#3595=CARTESIAN_POINT('Ctrl Pts',(-13.8584984793935,-11.4985851943088,8.82672525386821));
#3596=CARTESIAN_POINT('Ctrl Pts',(-13.7067821053074,-11.1355088386052,8.62846725200416));
#3597=CARTESIAN_POINT('Ctrl Pts',(-13.666666927437,-10.934164039171,8.54036128851445));
#3598=CARTESIAN_POINT('Ctrl Pts',(-13.666666927437,-10.7387129664729,8.47378517271649));
#3599=CARTESIAN_POINT('',(-11.9401179712207,-15.9195963224745,10.));
#3600=CARTESIAN_POINT('Origin',(0.,0.,10.));
#3601=CARTESIAN_POINT('',(-12.0000002607703,-15.5000001117587,9.8048024632805));
#3602=CARTESIAN_POINT('Ctrl Pts',(-12.0000002607703,-15.5000001117587,9.8048024632805));
#3603=CARTESIAN_POINT('Ctrl Pts',(-12.0000002607703,-15.6338622041425,9.87351744364877));
#3604=CARTESIAN_POINT('Ctrl Pts',(-11.9814398430827,-15.7777734032546,9.94118748122074));
#3605=CARTESIAN_POINT('Ctrl Pts',(-11.9401179712207,-15.9195963224745,10.));
#3606=CARTESIAN_POINT('',(-12.0000002607703,-7.50000011175871,6.89788597982998));
#3607=CARTESIAN_POINT('Origin',(-12.0000002607703,0.,40.0000005960464));
#3608=CARTESIAN_POINT('',(-9.00000026077032,-7.50000011175871,5.95958353588466));
#3609=CARTESIAN_POINT('Ctrl Pts',(-9.00000026077032,-7.50000011175871,5.95958353588466));
#3610=CARTESIAN_POINT('Ctrl Pts',(-9.00246994864567,-7.48652908587089,5.95726847893331));
#3611=CARTESIAN_POINT('Ctrl Pts',(-9.00512315775783,-7.47308037023351,5.95501536219728));
#3612=CARTESIAN_POINT('Ctrl Pts',(-9.05009480830858,-7.26029396972328,5.92029260108925));
#3613=CARTESIAN_POINT('Ctrl Pts',(-9.13481029356299,-7.0679861977833,5.90254020433025));
#3614=CARTESIAN_POINT('Ctrl Pts',(-9.3559393960048,-6.74818549617538,5.89771335889659));
#3615=CARTESIAN_POINT('Ctrl Pts',(-9.50530056139085,-6.60130754387759,5.91020558968428));
#3616=CARTESIAN_POINT('Ctrl Pts',(-9.84762151819215,-6.38166467251167,5.96559403343568));
#3617=CARTESIAN_POINT('Ctrl Pts',(-10.0405327453122,-6.30881913490662,6.00847065709063));
#3618=CARTESIAN_POINT('Ctrl Pts',(-10.4170619910372,-6.23978877889461,6.10913723039766));
#3619=CARTESIAN_POINT('Ctrl Pts',(-10.6260186544653,-6.24174826142425,6.17435138814038));
#3620=CARTESIAN_POINT('Ctrl Pts',(-11.0222962522833,-6.32795186330451,6.31747918385171));
#3621=CARTESIAN_POINT('Ctrl Pts',(-11.2096334027057,-6.41211988941014,6.39539374370876));
#3622=CARTESIAN_POINT('Ctrl Pts',(-11.5207238390271,-6.62623392476464,6.54245574079261));
#3623=CARTESIAN_POINT('Ctrl Pts',(-11.6666697215459,-6.77207349668105,6.62224176533016));
#3624=CARTESIAN_POINT('Ctrl Pts',(-11.8887089299424,-7.11283131985689,6.77180207443056));
#3625=CARTESIAN_POINT('Ctrl Pts',(-11.9647605983334,-7.30778375531007,6.84156031378429));
#3626=CARTESIAN_POINT('Ctrl Pts',(-12.0000002607703,-7.50000011175871,6.89788597982998));
#3627=CARTESIAN_POINT('',(-9.00000026077032,-15.5000001117587,8.7790141952036));
#3628=CARTESIAN_POINT('Origin',(-9.00000026077032,0.,40.0000005960464));
#3629=CARTESIAN_POINT('',(-10.3555302830096,-16.9930267108271,10.));
#3630=CARTESIAN_POINT('Ctrl Pts',(-10.3555302830096,-16.9930267108271,10.));
#3631=CARTESIAN_POINT('Ctrl Pts',(-10.2064944113238,-16.9786055283235,9.94038650045162));
#3632=CARTESIAN_POINT('Ctrl Pts',(-10.0581099011645,-16.9411265985197,9.86927346273642));
#3633=CARTESIAN_POINT('Ctrl Pts',(-9.73936053235003,-16.8077348007306,9.69003400140784));
#3634=CARTESIAN_POINT('Ctrl Pts',(-9.57755134800806,-16.6961629338994,9.57711733442555));
#3635=CARTESIAN_POINT('Ctrl Pts',(-9.31588928983722,-16.4398399834006,9.35699034551985));
#3636=CARTESIAN_POINT('Ctrl Pts',(-9.19856709353445,-16.2726760398152,9.23245999800507));
#3637=CARTESIAN_POINT('Ctrl Pts',(-9.0405907764474,-15.9010992274538,8.9922928720847));
#3638=CARTESIAN_POINT('Ctrl Pts',(-9.00000026077032,-15.6966633735888,8.87664982212481));
#3639=CARTESIAN_POINT('Ctrl Pts',(-9.00000026077032,-15.5000001117587,8.7790141952036));
#3640=CARTESIAN_POINT('',(-6.65824270132291,-18.7528069463612,10.));
#3641=CARTESIAN_POINT('Origin',(0.,0.,10.));
#3642=CARTESIAN_POINT('',(-7.33333359410365,-17.5000001117587,9.40633761682743));
#3643=CARTESIAN_POINT('Ctrl Pts',(-7.33333359410365,-17.5000001117587,9.40633761682743));
#3644=CARTESIAN_POINT('Ctrl Pts',(-7.33333359410365,-17.6851422623492,9.51224149823664));
#3645=CARTESIAN_POINT('Ctrl Pts',(-7.29704205488523,-17.8871128073051,9.62146219994378));
#3646=CARTESIAN_POINT('Ctrl Pts',(-7.13882798592099,-18.2668005676922,9.81039386751989));
#3647=CARTESIAN_POINT('Ctrl Pts',(-7.0167671444114,-18.4445015459318,9.89002160549827));
#3648=CARTESIAN_POINT('Ctrl Pts',(-6.80490542227557,-18.646058220676,9.966258254019));
#3649=CARTESIAN_POINT('Ctrl Pts',(-6.73468268930589,-18.7024751310316,9.98550310615272));
#3650=CARTESIAN_POINT('Ctrl Pts',(-6.65824270132291,-18.7528069463612,10.));
#3651=CARTESIAN_POINT('',(-7.33333359410365,-7.50000011175871,5.56205325998691));
#3652=CARTESIAN_POINT('Origin',(-7.33333359410365,0.,40.0000005960464));
#3653=CARTESIAN_POINT('',(-4.33333359410365,-7.50000011175871,5.05758771018763));
#3654=CARTESIAN_POINT('Ctrl Pts',(-4.33333359410365,-7.50000011175871,5.05758771018763));
#3655=CARTESIAN_POINT('Ctrl Pts',(-4.33606087564296,-7.48512402940594,5.05473294457888));
#3656=CARTESIAN_POINT('Ctrl Pts',(-4.33901145033478,-7.47027797029085,5.0519224861611));
#3657=CARTESIAN_POINT('Ctrl Pts',(-4.38502390056401,-7.25554984870919,5.01183460597091));
#3658=CARTESIAN_POINT('Ctrl Pts',(-4.47048969957106,-7.06341277691692,4.98341474772573));
#3659=CARTESIAN_POINT('Ctrl Pts',(-4.69081302834708,-6.74714151397275,4.94991001538388));
#3660=CARTESIAN_POINT('Ctrl Pts',(-4.83824436302717,-6.60179995863137,4.94221085800793));
#3661=CARTESIAN_POINT('Ctrl Pts',(-5.17876705835267,-6.38282777065361,4.95030910051168));
#3662=CARTESIAN_POINT('Ctrl Pts',(-5.37185273642346,-6.30918824761683,4.96610505153912));
#3663=CARTESIAN_POINT('Ctrl Pts',(-5.74807750376065,-6.24021371263797,5.01347288371217));
#3664=CARTESIAN_POINT('Ctrl Pts',(-5.95587393336195,-6.241548254311,5.0484153493123));
#3665=CARTESIAN_POINT('Ctrl Pts',(-6.35116707415526,-6.32643560563534,5.13337530043413));
#3666=CARTESIAN_POINT('Ctrl Pts',(-6.53867739413995,-6.40992701203079,5.18339080746465));
#3667=CARTESIAN_POINT('Ctrl Pts',(-6.85296972893398,-6.62472669869832,5.28416029614148));
#3668=CARTESIAN_POINT('Ctrl Pts',(-7.00042509150664,-6.77237244713812,5.34204279717283));
#3669=CARTESIAN_POINT('Ctrl Pts',(-7.22317625909646,-7.11492281448286,5.45656971712198));
#3670=CARTESIAN_POINT('Ctrl Pts',(-7.29846902562803,-7.30982972254083,5.51321319889905));
#3671=CARTESIAN_POINT('Ctrl Pts',(-7.33333359410365,-7.50000011175871,5.56205325998691));
#3672=CARTESIAN_POINT('',(-4.33333359410365,-17.5000001117587,8.83957351215272));
#3673=CARTESIAN_POINT('Origin',(-4.33333359410365,0.,40.0000005960464));
#3674=CARTESIAN_POINT('',(-5.92509044351071,-18.9971910416627,10.));
#3675=CARTESIAN_POINT('Ctrl Pts',(-5.92509044351071,-18.9971910416627,10.));
#3676=CARTESIAN_POINT('Ctrl Pts',(-5.89419237625792,-18.9990846607378,9.99509665344165));
#3677=CARTESIAN_POINT('Ctrl Pts',(-5.86356055385639,-19.0000001117587,9.98967568009728));
#3678=CARTESIAN_POINT('Ctrl Pts',(-5.64051622447981,-19.0000001117587,9.94632935331944));
#3679=CARTESIAN_POINT('Ctrl Pts',(-5.44148428568481,-18.9608348289696,9.88487866607317));
#3680=CARTESIAN_POINT('Ctrl Pts',(-5.0829558627937,-18.8132089035275,9.73004341158543));
#3681=CARTESIAN_POINT('Ctrl Pts',(-4.92332545212558,-18.7049387828213,9.63678742097674));
#3682=CARTESIAN_POINT('Ctrl Pts',(-4.65547559323722,-18.4494479564317,9.43867975520083));
#3683=CARTESIAN_POINT('Ctrl Pts',(-4.53431579257432,-18.277581037815,9.31731688850112));
#3684=CARTESIAN_POINT('Ctrl Pts',(-4.37324016853369,-17.9002584092363,9.07246291344328));
#3685=CARTESIAN_POINT('Ctrl Pts',(-4.33333359410365,-17.6947975501851,8.94897365564413));
#3686=CARTESIAN_POINT('Ctrl Pts',(-4.33333359410365,-17.5000001117587,8.83957351215272));
#3687=CARTESIAN_POINT('',(-2.84483900049069,-19.6953511087896,10.));
#3688=CARTESIAN_POINT('Origin',(0.,0.,10.));
#3689=CARTESIAN_POINT('',(-3.00000004470348,-19.1051718508777,9.63567270491388));
#3690=CARTESIAN_POINT('Ctrl Pts',(-3.00000004470348,-19.1051718508777,9.63567270491388));
#3691=CARTESIAN_POINT('Ctrl Pts',(-3.00000004470348,-19.25640246765,9.73082669392718));
#3692=CARTESIAN_POINT('Ctrl Pts',(-2.96983835066591,-19.4198316723969,9.83236199214701));
#3693=CARTESIAN_POINT('Ctrl Pts',(-2.88751982570959,-19.6144457998524,9.95106626711754));
#3694=CARTESIAN_POINT('Ctrl Pts',(-2.8673577715002,-19.6554844261305,9.97596246599413));
#3695=CARTESIAN_POINT('Ctrl Pts',(-2.84483900049069,-19.6953511087896,10.));
#3696=CARTESIAN_POINT('',(-3.00000004470348,-7.50000011175871,4.917953933182));
#3697=CARTESIAN_POINT('Origin',(-3.00000004470348,0.,40.0000005960464));
#3698=CARTESIAN_POINT('',(-0.600000044703484,-7.50000011175871,4.79502938074824));
#3699=CARTESIAN_POINT('Ctrl Pts',(-0.600000044703484,-7.50000011175871,
4.79502938074824));
#3700=CARTESIAN_POINT('Ctrl Pts',(-0.600000044703484,-7.34963614928466,
4.76299612815834));
#3701=CARTESIAN_POINT('Ctrl Pts',(-0.629987969137965,-7.18867553562015,
4.73028670765181));
#3702=CARTESIAN_POINT('Ctrl Pts',(-0.753210885289547,-6.89165502731604,
4.67346067329643));
#3703=CARTESIAN_POINT('Ctrl Pts',(-0.846472802166169,-6.75560626487756,
4.64934426211649));
#3704=CARTESIAN_POINT('Ctrl Pts',(-1.06092096708967,-6.54289581678662,4.61515167533398));
#3705=CARTESIAN_POINT('Ctrl Pts',(-1.19525677672513,-6.45135434552173,4.60258840768666));
#3706=CARTESIAN_POINT('Ctrl Pts',(-1.48977114321798,-6.32990165454257,4.59183305985382));
#3707=CARTESIAN_POINT('Ctrl Pts',(-1.64995373075398,-6.30000011175871,4.59364207970659));
#3708=CARTESIAN_POINT('Ctrl Pts',(-1.95097243444764,-6.30000011175871,4.60894866553478));
#3709=CARTESIAN_POINT('Ctrl Pts',(-2.11142203855934,-6.33022852325497,4.62351307894983));
#3710=CARTESIAN_POINT('Ctrl Pts',(-2.40568502913959,-6.45190903761442,4.66430597234108));
#3711=CARTESIAN_POINT('Ctrl Pts',(-2.53951043538874,-6.54333271619334,4.69053252712684));
#3712=CARTESIAN_POINT('Ctrl Pts',(-2.75302419406078,-6.75509795766302,4.74644129702659));
#3713=CARTESIAN_POINT('Ctrl Pts',(-2.84619859770828,-6.89065242001458,4.78004731287245));
#3714=CARTESIAN_POINT('Ctrl Pts',(-2.96968198065639,-7.18746187853348,4.84963179032265));
#3715=CARTESIAN_POINT('Ctrl Pts',(-3.00000004470348,-7.34871290480825,4.8856110633392));
#3716=CARTESIAN_POINT('Ctrl Pts',(-3.00000004470348,-7.50000011175871,4.917953933182));
#3717=CARTESIAN_POINT('',(-0.600000044703484,-19.1051718508777,9.49373224846274));
#3718=CARTESIAN_POINT('Origin',(-0.600000044703484,0.,40.0000005960464));
#3719=CARTESIAN_POINT('',(-0.883776381940581,-19.880113267885,10.));
#3720=CARTESIAN_POINT('Ctrl Pts',(-0.883776381940582,-19.880113267885,10.));
#3721=CARTESIAN_POINT('Ctrl Pts',(-0.806859347900752,-19.7891732237601,
9.93747080671427));
#3722=CARTESIAN_POINT('Ctrl Pts',(-0.742936751167255,-19.6855246837033,
9.86783251321981));
#3723=CARTESIAN_POINT('Ctrl Pts',(-0.631147075956389,-19.4234161260695,
9.69537838712218));
#3724=CARTESIAN_POINT('Ctrl Pts',(-0.600000044703484,-19.259001054125,9.59007091992));
#3725=CARTESIAN_POINT('Ctrl Pts',(-0.600000044703483,-19.1051718508777,
9.49373224846274));
#3726=CARTESIAN_POINT('',(0.883776381940581,-19.880113267885,10.));
#3727=CARTESIAN_POINT('Origin',(0.,0.,10.));
#3728=CARTESIAN_POINT('',(0.600000044703484,-19.1051718508777,9.49373224846274));
#3729=CARTESIAN_POINT('Ctrl Pts',(0.600000044703483,-19.1051718508777,9.49373224846274));
#3730=CARTESIAN_POINT('Ctrl Pts',(0.600000044703483,-19.259001054125,9.59007091991999));
#3731=CARTESIAN_POINT('Ctrl Pts',(0.631147075956389,-19.4234161260695,9.69537838712218));
#3732=CARTESIAN_POINT('Ctrl Pts',(0.742936751167255,-19.6855246837033,9.86783251321981));
#3733=CARTESIAN_POINT('Ctrl Pts',(0.80685934790075,-19.7891732237601,9.93747080671427));
#3734=CARTESIAN_POINT('Ctrl Pts',(0.883776381940581,-19.880113267885,10.));
#3735=CARTESIAN_POINT('',(0.600000044703484,-7.50000011175871,4.79502938074824));
#3736=CARTESIAN_POINT('Origin',(0.600000044703484,0.,40.0000005960464));
#3737=CARTESIAN_POINT('',(3.00000004470348,-7.50000011175871,4.917953933182));
#3738=CARTESIAN_POINT('Ctrl Pts',(3.00000004470348,-7.50000011175871,4.917953933182));
#3739=CARTESIAN_POINT('Ctrl Pts',(3.00000004470348,-7.34871290480825,4.8856110633392));
#3740=CARTESIAN_POINT('Ctrl Pts',(2.96968198065639,-7.18746187853348,4.84963179032265));
#3741=CARTESIAN_POINT('Ctrl Pts',(2.84619859770828,-6.89065242001458,4.78004731287245));
#3742=CARTESIAN_POINT('Ctrl Pts',(2.75302419406078,-6.75509795766302,4.74644129702659));
#3743=CARTESIAN_POINT('Ctrl Pts',(2.53951043538874,-6.54333271619334,4.69053252712684));
#3744=CARTESIAN_POINT('Ctrl Pts',(2.40568502913959,-6.45190903761442,4.66430597234108));
#3745=CARTESIAN_POINT('Ctrl Pts',(2.11142203855934,-6.33022852325497,4.62351307894983));
#3746=CARTESIAN_POINT('Ctrl Pts',(1.95097243444764,-6.30000011175871,4.60894866553478));
#3747=CARTESIAN_POINT('Ctrl Pts',(1.64995373075398,-6.30000011175871,4.59364207970659));
#3748=CARTESIAN_POINT('Ctrl Pts',(1.48977114321798,-6.32990165454257,4.59183305985382));
#3749=CARTESIAN_POINT('Ctrl Pts',(1.19525677672513,-6.45135434552173,4.60258840768666));
#3750=CARTESIAN_POINT('Ctrl Pts',(1.06092096708967,-6.54289581678662,4.61515167533398));
#3751=CARTESIAN_POINT('Ctrl Pts',(0.846472802166169,-6.75560626487756,4.64934426211649));
#3752=CARTESIAN_POINT('Ctrl Pts',(0.753210885289547,-6.89165502731604,4.67346067329643));
#3753=CARTESIAN_POINT('Ctrl Pts',(0.629987969137965,-7.18867553562015,4.73028670765181));
#3754=CARTESIAN_POINT('Ctrl Pts',(0.600000044703484,-7.34963614928466,4.76299612815834));
#3755=CARTESIAN_POINT('Ctrl Pts',(0.600000044703484,-7.50000011175871,4.79502938074824));
#3756=CARTESIAN_POINT('',(3.00000004470348,-19.1051718508777,9.63567270491388));
#3757=CARTESIAN_POINT('Origin',(3.00000004470348,0.,40.0000005960464));
#3758=CARTESIAN_POINT('',(2.84483900049069,-19.6953511087896,10.));
#3759=CARTESIAN_POINT('Ctrl Pts',(2.84483900049069,-19.6953511087896,10.));
#3760=CARTESIAN_POINT('Ctrl Pts',(2.8673577715002,-19.6554844261305,9.97596246599413));
#3761=CARTESIAN_POINT('Ctrl Pts',(2.88751982570959,-19.6144457998524,9.95106626711754));
#3762=CARTESIAN_POINT('Ctrl Pts',(2.96983835066591,-19.4198316723969,9.83236199214701));
#3763=CARTESIAN_POINT('Ctrl Pts',(3.00000004470348,-19.25640246765,9.73082669392718));
#3764=CARTESIAN_POINT('Ctrl Pts',(3.00000004470348,-19.1051718508777,9.63567270491388));
#3765=CARTESIAN_POINT('',(5.92509044351071,-18.9971910416627,10.));
#3766=CARTESIAN_POINT('Origin',(0.,0.,10.));
#3767=CARTESIAN_POINT('',(4.33333359410365,-17.5000001117587,8.83957351215272));
#3768=CARTESIAN_POINT('Ctrl Pts',(4.33333359410365,-17.5000001117587,8.83957351215271));
#3769=CARTESIAN_POINT('Ctrl Pts',(4.33333359410365,-17.6947975501851,8.94897365564413));
#3770=CARTESIAN_POINT('Ctrl Pts',(4.37324016853369,-17.9002584092363,9.07246291344327));
#3771=CARTESIAN_POINT('Ctrl Pts',(4.53431579257432,-18.277581037815,9.31731688850112));
#3772=CARTESIAN_POINT('Ctrl Pts',(4.65547559323721,-18.4494479564317,9.43867975520083));
#3773=CARTESIAN_POINT('Ctrl Pts',(4.92332545212558,-18.7049387828213,9.63678742097674));
#3774=CARTESIAN_POINT('Ctrl Pts',(5.0829558627937,-18.8132089035275,9.73004341158543));
#3775=CARTESIAN_POINT('Ctrl Pts',(5.4414842856848,-18.9608348289696,9.88487866607317));
#3776=CARTESIAN_POINT('Ctrl Pts',(5.6405162244798,-19.0000001117587,9.94632935331944));
#3777=CARTESIAN_POINT('Ctrl Pts',(5.86356055385639,-19.0000001117587,9.98967568009729));
#3778=CARTESIAN_POINT('Ctrl Pts',(5.89419237625792,-18.9990846607378,9.99509665344165));
#3779=CARTESIAN_POINT('Ctrl Pts',(5.92509044351071,-18.9971910416627,10.));
#3780=CARTESIAN_POINT('',(4.33333359410365,-7.50000011175871,5.05758771018763));
#3781=CARTESIAN_POINT('Origin',(4.33333359410365,0.,40.0000005960464));
#3782=CARTESIAN_POINT('',(7.33333359410365,-7.50000011175871,5.56205325998691));
#3783=CARTESIAN_POINT('Ctrl Pts',(7.33333359410365,-7.50000011175871,5.56205325998691));
#3784=CARTESIAN_POINT('Ctrl Pts',(7.33043055264702,-7.48416533886858,5.55798653183619));
#3785=CARTESIAN_POINT('Ctrl Pts',(7.32727689109772,-7.46837761165251,5.55388869403709));
#3786=CARTESIAN_POINT('Ctrl Pts',(7.2809479606831,-7.25415341723688,5.49769618699903));
#3787=CARTESIAN_POINT('Ctrl Pts',(7.1965685377096,-7.06561228894682,5.44098765330853));
#3788=CARTESIAN_POINT('Ctrl Pts',(6.98085710693202,-6.75274354253126,5.33435287192203));
#3789=CARTESIAN_POINT('Ctrl Pts',(6.83431714033936,-6.60667103000467,5.27697955925936));
#3790=CARTESIAN_POINT('Ctrl Pts',(6.49327344431312,-6.38523739420789,5.17026723227254));
#3791=CARTESIAN_POINT('Ctrl Pts',(6.2987488195464,-6.30990954831369,5.12092594903129));
#3792=CARTESIAN_POINT('Ctrl Pts',(5.92201457490165,-6.24084160916949,5.04261194838885));
#3793=CARTESIAN_POINT('Ctrl Pts',(5.7149252317709,-6.24103171729935,5.00812765595609));
#3794=CARTESIAN_POINT('Ctrl Pts',(5.31664339186948,-6.32582418613384,4.9606046171442));
#3795=CARTESIAN_POINT('Ctrl Pts',(5.12546130312844,-6.41047851961924,4.94757138979739));
#3796=CARTESIAN_POINT('Ctrl Pts',(4.80787330893048,-6.62992835858273,4.94339577431785));
#3797=CARTESIAN_POINT('Ctrl Pts',(4.66126046268925,-6.77839796858421,4.951923576647));
#3798=CARTESIAN_POINT('Ctrl Pts',(4.44108415990367,-7.12031491483014,4.99115003111655));
#3799=CARTESIAN_POINT('Ctrl Pts',(4.36748169345603,-7.31373773626327,5.02184339181404));
#3800=CARTESIAN_POINT('Ctrl Pts',(4.33333359410365,-7.50000011175871,5.05758771018763));
#3801=CARTESIAN_POINT('',(7.33333359410365,-17.5000001117587,9.40633761682743));
#3802=CARTESIAN_POINT('Origin',(7.33333359410365,0.,40.0000005960464));
#3803=CARTESIAN_POINT('',(6.65824270132291,-18.7528069463612,10.));
#3804=CARTESIAN_POINT('Ctrl Pts',(6.65824270132291,-18.7528069463612,10.));
#3805=CARTESIAN_POINT('Ctrl Pts',(6.73468268930589,-18.7024751310316,9.98550310615272));
#3806=CARTESIAN_POINT('Ctrl Pts',(6.80490542227556,-18.646058220676,9.966258254019));
#3807=CARTESIAN_POINT('Ctrl Pts',(7.0167671444114,-18.4445015459318,9.89002160549827));
#3808=CARTESIAN_POINT('Ctrl Pts',(7.13882798592099,-18.2668005676922,9.81039386751989));
#3809=CARTESIAN_POINT('Ctrl Pts',(7.29704205488523,-17.8871128073051,9.62146219994378));
#3810=CARTESIAN_POINT('Ctrl Pts',(7.33333359410365,-17.6851422623492,9.51224149823665));
#3811=CARTESIAN_POINT('Ctrl Pts',(7.33333359410365,-17.5000001117587,9.40633761682744));
#3812=CARTESIAN_POINT('',(10.3555302830096,-16.9930267108271,10.));
#3813=CARTESIAN_POINT('Origin',(0.,0.,10.));
#3814=CARTESIAN_POINT('',(9.00000026077032,-15.5000001117587,8.7790141952036));
#3815=CARTESIAN_POINT('Ctrl Pts',(9.00000026077032,-15.5000001117587,8.7790141952036));
#3816=CARTESIAN_POINT('Ctrl Pts',(9.00000026077032,-15.6966633735888,8.87664982212481));
#3817=CARTESIAN_POINT('Ctrl Pts',(9.0405907764474,-15.9010992274538,8.9922928720847));
#3818=CARTESIAN_POINT('Ctrl Pts',(9.19856709353445,-16.2726760398152,9.23245999800507));
#3819=CARTESIAN_POINT('Ctrl Pts',(9.31588928983722,-16.4398399834006,9.35699034551984));
#3820=CARTESIAN_POINT('Ctrl Pts',(9.57755134800806,-16.6961629338994,9.57711733442554));
#3821=CARTESIAN_POINT('Ctrl Pts',(9.73936053235003,-16.8077348007306,9.69003400140784));
#3822=CARTESIAN_POINT('Ctrl Pts',(10.0581099011645,-16.9411265985197,9.86927346273642));
#3823=CARTESIAN_POINT('Ctrl Pts',(10.2064944113238,-16.9786055283235,9.94038650045162));
#3824=CARTESIAN_POINT('Ctrl Pts',(10.3555302830096,-16.9930267108271,10.));
#3825=CARTESIAN_POINT('',(9.00000026077032,-7.50000011175871,5.95958353588466));
#3826=CARTESIAN_POINT('Origin',(9.00000026077032,0.,40.0000005960464));
#3827=CARTESIAN_POINT('',(12.0000002607703,-7.50000011175871,6.89788597982998));
#3828=CARTESIAN_POINT('Ctrl Pts',(12.0000002607703,-7.50000011175871,6.89788597982998));
#3829=CARTESIAN_POINT('Ctrl Pts',(11.9972080735234,-7.48476999824411,6.89342305948589));
#3830=CARTESIAN_POINT('Ctrl Pts',(11.9941855038071,-7.46959136543878,6.88890005635739));
#3831=CARTESIAN_POINT('Ctrl Pts',(11.9486659586648,-7.25785482637705,6.82475501008611));
#3832=CARTESIAN_POINT('Ctrl Pts',(11.8660657321219,-7.07235431252739,6.75519354867187));
#3833=CARTESIAN_POINT('Ctrl Pts',(11.6535908666716,-6.75895212064439,6.61507853485163));
#3834=CARTESIAN_POINT('Ctrl Pts',(11.5059518010449,-6.61063348680415,6.53418191381082));
#3835=CARTESIAN_POINT('Ctrl Pts',(11.1625882896742,-6.38623613132608,6.37469713619246));
#3836=CARTESIAN_POINT('Ctrl Pts',(10.9668544027166,-6.31017334965087,6.29610687891105));
#3837=CARTESIAN_POINT('Ctrl Pts',(10.5892914601081,-6.24095348255921,6.1627821330684));
#3838=CARTESIAN_POINT('Ctrl Pts',(10.38172201611,-6.24078073214131,6.09841611900158));
#3839=CARTESIAN_POINT('Ctrl Pts',(9.97999590454758,-6.32675481555611,5.99387200913273));
#3840=CARTESIAN_POINT('Ctrl Pts',(9.78586037345766,-6.4130163194486,5.9537070276187));
#3841=CARTESIAN_POINT('Ctrl Pts',(9.46861679982052,-6.63583768669112,5.90678577820037));
#3842=CARTESIAN_POINT('Ctrl Pts',(9.32417828479947,-6.78317486068529,5.89591117309516));
#3843=CARTESIAN_POINT('Ctrl Pts',(9.10682694439566,-7.12281706378106,5.90642558070441));
#3844=CARTESIAN_POINT('Ctrl Pts',(9.03389658926758,-7.31511103195012,5.92780950820453));
#3845=CARTESIAN_POINT('Ctrl Pts',(9.00000026077032,-7.50000011175871,5.95958353588466));
#3846=CARTESIAN_POINT('',(12.0000002607703,-15.5000001117587,9.8048024632805));
#3847=CARTESIAN_POINT('Origin',(12.0000002607703,0.,40.0000005960464));
#3848=CARTESIAN_POINT('',(11.9401179712207,-15.9195963224745,10.));
#3849=CARTESIAN_POINT('Ctrl Pts',(11.9401179712207,-15.9195963224745,10.));
#3850=CARTESIAN_POINT('Ctrl Pts',(11.9814398432911,-15.7777734025392,9.94118748092406));
#3851=CARTESIAN_POINT('Ctrl Pts',(12.0000002607703,-15.6338622045072,9.87351744383598));
#3852=CARTESIAN_POINT('Ctrl Pts',(12.0000002607703,-15.5000001117587,9.8048024632805));
#3853=CARTESIAN_POINT('',(15.7993819963272,-12.0987393050411,10.));
#3854=CARTESIAN_POINT('Origin',(0.,0.,10.));
#3855=CARTESIAN_POINT('',(13.666666927437,-10.7387129664729,8.47378517271649));
#3856=CARTESIAN_POINT('Ctrl Pts',(13.666666927437,-10.7387129664729,8.47378517271649));
#3857=CARTESIAN_POINT('Ctrl Pts',(13.666666927437,-10.934164039171,8.54036128851445));
#3858=CARTESIAN_POINT('Ctrl Pts',(13.7067821053074,-11.1355088386052,8.62846725200416));
#3859=CARTESIAN_POINT('Ctrl Pts',(13.8584984793935,-11.4985851943088,8.82672525386821));
#3860=CARTESIAN_POINT('Ctrl Pts',(13.9699512681692,-11.6603862822543,8.93686349087616));
#3861=CARTESIAN_POINT('Ctrl Pts',(14.2264764532594,-11.9226891904166,9.15352465624361));
#3862=CARTESIAN_POINT('Ctrl Pts',(14.3941392306644,-12.0402599173686,9.27710859641889));
#3863=CARTESIAN_POINT('Ctrl Pts',(14.766057760906,-12.1982799031157,9.51687901217386));
#3864=CARTESIAN_POINT('Ctrl Pts',(14.9703275798473,-12.2387129664729,9.63305434214054));
#3865=CARTESIAN_POINT('Ctrl Pts',(15.3474585121288,-12.2387129664729,9.82202329228813));
#3866=CARTESIAN_POINT('Ctrl Pts',(15.5464461903604,-12.2039171066208,9.90983594957182));
#3867=CARTESIAN_POINT('Ctrl Pts',(15.7559668124733,-12.1183099982883,9.98505936608676));
#3868=CARTESIAN_POINT('Ctrl Pts',(15.7777703758709,-12.1087935205647,9.99267310299188));
#3869=CARTESIAN_POINT('Ctrl Pts',(15.7993819963272,-12.0987393050411,10.));
#3870=CARTESIAN_POINT('',(13.666666927437,-7.49999983236194,7.55046720018587));
#3871=CARTESIAN_POINT('Origin',(13.666666927437,0.,40.0000005960464));
#3872=CARTESIAN_POINT('',(16.666666927437,-7.49999983236194,8.98432365607867));
#3873=CARTESIAN_POINT('Ctrl Pts',(16.666666927437,-7.49999983236194,8.98432365607867));
#3874=CARTESIAN_POINT('Ctrl Pts',(16.6641128034937,-7.48606825469975,8.97958232596134));
#3875=CARTESIAN_POINT('Ctrl Pts',(16.66136764816,-7.47218920589157,8.97476183685255));
#3876=CARTESIAN_POINT('Ctrl Pts',(16.617328742415,-7.26470363059414,8.90124866122861));
#3877=CARTESIAN_POINT('Ctrl Pts',(16.5375716294605,-7.08362264355789,8.81715387629036));
#3878=CARTESIAN_POINT('Ctrl Pts',(16.3294546192913,-6.76833138002903,8.6378034268094));
#3879=CARTESIAN_POINT('Ctrl Pts',(16.1797831183675,-6.61635743112875,8.52788430364799));
#3880=CARTESIAN_POINT('Ctrl Pts',(15.8326246683088,-6.38742748379175,8.30482055888818));
#3881=CARTESIAN_POINT('Ctrl Pts',(15.635136717557,-6.31046943356327,8.19167960189708));
#3882=CARTESIAN_POINT('Ctrl Pts',(15.2561731564517,-6.24099274337671,7.99462514155995));
#3883=CARTESIAN_POINT('Ctrl Pts',(15.0476712900351,-6.24047626354365,7.89587933250796));
#3884=CARTESIAN_POINT('Ctrl Pts',(14.6409126388724,-6.32845042377546,7.72547581739935));
#3885=CARTESIAN_POINT('Ctrl Pts',(14.4426836255994,-6.41709582724397,7.65383175613628));
#3886=CARTESIAN_POINT('Ctrl Pts',(14.1266118083434,-6.64469711099865,7.56048075328156));
#3887=CARTESIAN_POINT('Ctrl Pts',(13.9856904731623,-6.78986864117389,7.52943236115347));
#3888=CARTESIAN_POINT('Ctrl Pts',(13.7725158969533,-7.12574496250051,7.51029114413063));
#3889=CARTESIAN_POINT('Ctrl Pts',(13.7003118321973,-7.31648226860368,7.5222212473373));
#3890=CARTESIAN_POINT('Ctrl Pts',(13.666666927437,-7.49999983236194,7.55046720018587));
#3891=CARTESIAN_POINT('',(16.666666927437,-10.7387129664729,9.95166857322718));
#3892=CARTESIAN_POINT('Origin',(16.666666927437,0.,40.0000005960464));
#3893=CARTESIAN_POINT('',(16.6596364838992,-10.8837712426138,10.));
#3894=CARTESIAN_POINT('Ctrl Pts',(16.6596364838992,-10.8837712426138,10.));
#3895=CARTESIAN_POINT('Ctrl Pts',(16.6644172159443,-10.8345669669892,9.98480390623327));
#3896=CARTESIAN_POINT('Ctrl Pts',(16.666666927437,-10.7860295395454,9.96857863320647));
#3897=CARTESIAN_POINT('Ctrl Pts',(16.666666927437,-10.7387129664729,9.95166857322718));
#3898=CARTESIAN_POINT('',(16.6596364838992,10.8837712426138,10.));
#3899=CARTESIAN_POINT('Origin',(0.,0.,10.));
#3900=CARTESIAN_POINT('',(16.666666927437,10.7387129664729,9.95166857322718));
#3901=CARTESIAN_POINT('Ctrl Pts',(16.666666927437,10.7387129664729,9.95166857322718));
#3902=CARTESIAN_POINT('Ctrl Pts',(16.666666927437,10.7860295392336,9.96857863309502));
#3903=CARTESIAN_POINT('Ctrl Pts',(16.6644172159643,10.8345669667833,9.98480390616969));
#3904=CARTESIAN_POINT('Ctrl Pts',(16.6596364838992,10.8837712426138,10.));
#3905=CARTESIAN_POINT('',(16.666666927437,7.49999983236194,8.98432365607867));
#3906=CARTESIAN_POINT('Origin',(16.666666927437,0.,40.0000005960464));
#3907=CARTESIAN_POINT('',(13.666666927437,7.49999983236194,7.55046720018587));
#3908=CARTESIAN_POINT('Ctrl Pts',(13.666666927437,7.49999983236194,7.55046720018587));
#3909=CARTESIAN_POINT('Ctrl Pts',(13.6687408473256,7.48868754813671,7.54872607938908));
#3910=CARTESIAN_POINT('Ctrl Pts',(13.6709444057614,7.47738974092962,7.54704915935357));
#3911=CARTESIAN_POINT('Ctrl Pts',(13.7142550002119,7.26799491728593,7.51712525132848));
#3912=CARTESIAN_POINT('Ctrl Pts',(13.7974850722042,7.07620861026269,7.51009172288779));
#3913=CARTESIAN_POINT('Ctrl Pts',(14.019031602782,6.75095027299208,7.53568614796007));
#3914=CARTESIAN_POINT('Ctrl Pts',(14.1714890850341,6.60141720916327,7.57107538232202));
#3915=CARTESIAN_POINT('Ctrl Pts',(14.5168483022144,6.38022005336957,7.67974518221835));
#3916=CARTESIAN_POINT('Ctrl Pts',(14.7096485203728,6.30837001220872,7.75296976453265));
#3917=CARTESIAN_POINT('Ctrl Pts',(15.0868293523629,6.23922015586884,7.91408421186128));
#3918=CARTESIAN_POINT('Ctrl Pts',(15.2976288858426,6.24197314397716,8.01448550010434));
#3919=CARTESIAN_POINT('Ctrl Pts',(15.6963314068614,6.33043163974937,8.22573947431027));
#3920=CARTESIAN_POINT('Ctrl Pts',(15.8842484153479,6.41606204270243,8.33659714004771));
#3921=CARTESIAN_POINT('Ctrl Pts',(16.1908498743082,6.63018315872694,8.53667757573478));
#3922=CARTESIAN_POINT('Ctrl Pts',(16.3339510156427,6.77317715974137,8.64117756619276));
#3923=CARTESIAN_POINT('Ctrl Pts',(16.5540373101222,7.11061727306521,8.83186563151244));
#3924=CARTESIAN_POINT('Ctrl Pts',(16.6309428598305,7.30514138644304,8.91800753304842));
#3925=CARTESIAN_POINT('Ctrl Pts',(16.666666927437,7.49999983236194,8.98432365607867));
#3926=CARTESIAN_POINT('',(13.666666927437,10.7387129664729,8.47378517271649));
#3927=CARTESIAN_POINT('Origin',(13.666666927437,0.,40.0000005960464));
#3928=CARTESIAN_POINT('',(15.7993819963272,12.0987393050411,10.));
#3929=CARTESIAN_POINT('Ctrl Pts',(15.7993819963272,12.0987393050411,10.));
#3930=CARTESIAN_POINT('Ctrl Pts',(15.7777703758709,12.1087935205647,9.99267310299188));
#3931=CARTESIAN_POINT('Ctrl Pts',(15.7559668124733,12.1183099982883,9.98505936608675));
#3932=CARTESIAN_POINT('Ctrl Pts',(15.5464461903604,12.2039171066208,9.90983594957181));
#3933=CARTESIAN_POINT('Ctrl Pts',(15.3474585121288,12.2387129664729,9.82202329228813));
#3934=CARTESIAN_POINT('Ctrl Pts',(14.9703275798473,12.2387129664729,9.63305434214054));
#3935=CARTESIAN_POINT('Ctrl Pts',(14.766057760906,12.1982799031157,9.51687901217386));
#3936=CARTESIAN_POINT('Ctrl Pts',(14.3941392306644,12.0402599173686,9.27710859641889));
#3937=CARTESIAN_POINT('Ctrl Pts',(14.2264764532594,11.9226891904166,9.15352465624361));
#3938=CARTESIAN_POINT('Ctrl Pts',(13.9699512681692,11.6603862822543,8.93686349087616));
#3939=CARTESIAN_POINT('Ctrl Pts',(13.8584984793935,11.4985851943088,8.82672525386821));
#3940=CARTESIAN_POINT('Ctrl Pts',(13.7067821053074,11.1355088386052,8.62846725200416));
#3941=CARTESIAN_POINT('Ctrl Pts',(13.666666927437,10.934164039171,8.54036128851445));
#3942=CARTESIAN_POINT('Ctrl Pts',(13.666666927437,10.7387129664729,8.47378517271649));
#3943=CARTESIAN_POINT('',(11.9401179712207,15.9195963224745,10.));
#3944=CARTESIAN_POINT('Origin',(0.,0.,10.));
#3945=CARTESIAN_POINT('',(12.0000002607703,15.5000001117587,9.8048024632805));
#3946=CARTESIAN_POINT('Ctrl Pts',(12.0000002607703,15.5000001117587,9.8048024632805));
#3947=CARTESIAN_POINT('Ctrl Pts',(12.0000002607703,15.6338622041425,9.87351744364877));
#3948=CARTESIAN_POINT('Ctrl Pts',(11.9814398430827,15.7777734032546,9.94118748122074));
#3949=CARTESIAN_POINT('Ctrl Pts',(11.9401179712207,15.9195963224745,10.));
#3950=CARTESIAN_POINT('',(12.0000002607703,7.50000011175871,6.89788597982998));
#3951=CARTESIAN_POINT('Origin',(12.0000002607703,0.,40.0000005960464));
#3952=CARTESIAN_POINT('',(9.00000026077032,7.50000011175871,5.95958353588466));
#3953=CARTESIAN_POINT('Ctrl Pts',(9.00000026077032,7.50000011175871,5.95958353588466));
#3954=CARTESIAN_POINT('Ctrl Pts',(9.00246994864567,7.48652908587089,5.95726847893331));
#3955=CARTESIAN_POINT('Ctrl Pts',(9.00512315775783,7.47308037023351,5.95501536219728));
#3956=CARTESIAN_POINT('Ctrl Pts',(9.05009480830858,7.26029396972328,5.92029260108924));
#3957=CARTESIAN_POINT('Ctrl Pts',(9.13481029356298,7.0679861977833,5.90254020433025));
#3958=CARTESIAN_POINT('Ctrl Pts',(9.3559393960048,6.74818549617538,5.89771335889659));
#3959=CARTESIAN_POINT('Ctrl Pts',(9.50530056139085,6.60130754387758,5.91020558968428));
#3960=CARTESIAN_POINT('Ctrl Pts',(9.84762151819215,6.38166467251166,5.96559403343568));
#3961=CARTESIAN_POINT('Ctrl Pts',(10.0405327453122,6.30881913490662,6.00847065709063));
#3962=CARTESIAN_POINT('Ctrl Pts',(10.4170619910372,6.23978877889461,6.10913723039766));
#3963=CARTESIAN_POINT('Ctrl Pts',(10.6260186544653,6.24174826142424,6.17435138814038));
#3964=CARTESIAN_POINT('Ctrl Pts',(11.0222962522833,6.32795186330451,6.31747918385171));
#3965=CARTESIAN_POINT('Ctrl Pts',(11.2096334027057,6.41211988941013,6.39539374370876));
#3966=CARTESIAN_POINT('Ctrl Pts',(11.520723839027,6.62623392476464,6.54245574079261));
#3967=CARTESIAN_POINT('Ctrl Pts',(11.6666697215459,6.77207349668105,6.62224176533016));
#3968=CARTESIAN_POINT('Ctrl Pts',(11.8887089299424,7.11283131985689,6.77180207443056));
#3969=CARTESIAN_POINT('Ctrl Pts',(11.9647605983334,7.30778375531007,6.84156031378429));
#3970=CARTESIAN_POINT('Ctrl Pts',(12.0000002607703,7.50000011175871,6.89788597982998));
#3971=CARTESIAN_POINT('',(9.00000026077032,15.5000001117587,8.7790141952036));
#3972=CARTESIAN_POINT('Origin',(9.00000026077032,0.,40.0000005960464));
#3973=CARTESIAN_POINT('',(10.3555302830096,16.9930267108271,10.));
#3974=CARTESIAN_POINT('Ctrl Pts',(10.3555302830096,16.9930267108271,10.));
#3975=CARTESIAN_POINT('Ctrl Pts',(10.2064944113238,16.9786055283235,9.94038650045163));
#3976=CARTESIAN_POINT('Ctrl Pts',(10.0581099011645,16.9411265985197,9.86927346273642));
#3977=CARTESIAN_POINT('Ctrl Pts',(9.73936053235003,16.8077348007306,9.69003400140785));
#3978=CARTESIAN_POINT('Ctrl Pts',(9.57755134800806,16.6961629338994,9.57711733442555));
#3979=CARTESIAN_POINT('Ctrl Pts',(9.31588928983722,16.4398399834006,9.35699034551985));
#3980=CARTESIAN_POINT('Ctrl Pts',(9.19856709353445,16.2726760398152,9.23245999800507));
#3981=CARTESIAN_POINT('Ctrl Pts',(9.0405907764474,15.9010992274538,8.9922928720847));
#3982=CARTESIAN_POINT('Ctrl Pts',(9.00000026077032,15.6966633735888,8.87664982212481));
#3983=CARTESIAN_POINT('Ctrl Pts',(9.00000026077032,15.5000001117587,8.7790141952036));
#3984=CARTESIAN_POINT('',(6.65824270132291,18.7528069463612,10.));
#3985=CARTESIAN_POINT('Origin',(0.,0.,10.));
#3986=CARTESIAN_POINT('',(7.33333359410365,17.5000001117587,9.40633761682743));
#3987=CARTESIAN_POINT('Ctrl Pts',(7.33333359410365,17.5000001117587,9.40633761682743));
#3988=CARTESIAN_POINT('Ctrl Pts',(7.33333359410365,17.6851422623492,9.51224149823664));
#3989=CARTESIAN_POINT('Ctrl Pts',(7.29704205488523,17.8871128073051,9.62146219994378));
#3990=CARTESIAN_POINT('Ctrl Pts',(7.13882798592099,18.2668005676922,9.81039386751989));
#3991=CARTESIAN_POINT('Ctrl Pts',(7.0167671444114,18.4445015459318,9.89002160549827));
#3992=CARTESIAN_POINT('Ctrl Pts',(6.80490542227557,18.646058220676,9.966258254019));
#3993=CARTESIAN_POINT('Ctrl Pts',(6.73468268930589,18.7024751310316,9.98550310615272));
#3994=CARTESIAN_POINT('Ctrl Pts',(6.65824270132291,18.7528069463612,10.));
#3995=CARTESIAN_POINT('',(7.33333359410365,7.50000011175871,5.56205325998691));
#3996=CARTESIAN_POINT('Origin',(7.33333359410365,0.,40.0000005960464));
#3997=CARTESIAN_POINT('',(4.33333359410365,7.50000011175871,5.05758771018763));
#3998=CARTESIAN_POINT('Ctrl Pts',(4.33333359410365,7.50000011175871,5.05758771018763));
#3999=CARTESIAN_POINT('Ctrl Pts',(4.33606087564296,7.48512402940594,5.05473294457888));
#4000=CARTESIAN_POINT('Ctrl Pts',(4.33901145033478,7.47027797029086,5.0519224861611));
#4001=CARTESIAN_POINT('Ctrl Pts',(4.38502390056401,7.25554984870919,5.01183460597091));
#4002=CARTESIAN_POINT('Ctrl Pts',(4.47048969957106,7.06341277691692,4.98341474772573));
#4003=CARTESIAN_POINT('Ctrl Pts',(4.69081302834708,6.74714151397275,4.94991001538388));
#4004=CARTESIAN_POINT('Ctrl Pts',(4.83824436302717,6.60179995863137,4.94221085800793));
#4005=CARTESIAN_POINT('Ctrl Pts',(5.17876705835267,6.38282777065361,4.95030910051168));
#4006=CARTESIAN_POINT('Ctrl Pts',(5.37185273642346,6.30918824761683,4.96610505153912));
#4007=CARTESIAN_POINT('Ctrl Pts',(5.74807750376065,6.24021371263797,5.01347288371217));
#4008=CARTESIAN_POINT('Ctrl Pts',(5.95587393336195,6.241548254311,5.0484153493123));
#4009=CARTESIAN_POINT('Ctrl Pts',(6.35116707415526,6.32643560563534,5.13337530043413));
#4010=CARTESIAN_POINT('Ctrl Pts',(6.53867739413995,6.40992701203079,5.18339080746465));
#4011=CARTESIAN_POINT('Ctrl Pts',(6.85296972893398,6.62472669869832,5.28416029614148));
#4012=CARTESIAN_POINT('Ctrl Pts',(7.00042509150664,6.77237244713812,5.34204279717283));
#4013=CARTESIAN_POINT('Ctrl Pts',(7.22317625909646,7.11492281448286,5.45656971712198));
#4014=CARTESIAN_POINT('Ctrl Pts',(7.29846902562803,7.30982972254083,5.51321319889905));
#4015=CARTESIAN_POINT('Ctrl Pts',(7.33333359410365,7.50000011175871,5.56205325998691));
#4016=CARTESIAN_POINT('',(4.33333359410365,17.5000001117587,8.83957351215272));
#4017=CARTESIAN_POINT('Origin',(4.33333359410365,0.,40.0000005960464));
#4018=CARTESIAN_POINT('',(5.92509044351071,18.9971910416627,10.));
#4019=CARTESIAN_POINT('Ctrl Pts',(5.92509044351071,18.9971910416627,10.));
#4020=CARTESIAN_POINT('Ctrl Pts',(5.89419237625792,18.9990846607378,9.99509665344165));
#4021=CARTESIAN_POINT('Ctrl Pts',(5.86356055385639,19.0000001117587,9.98967568009728));
#4022=CARTESIAN_POINT('Ctrl Pts',(5.64051622447981,19.0000001117587,9.94632935331944));
#4023=CARTESIAN_POINT('Ctrl Pts',(5.44148428568481,18.9608348289696,9.88487866607317));
#4024=CARTESIAN_POINT('Ctrl Pts',(5.0829558627937,18.8132089035275,9.73004341158543));
#4025=CARTESIAN_POINT('Ctrl Pts',(4.92332545212558,18.7049387828213,9.63678742097674));
#4026=CARTESIAN_POINT('Ctrl Pts',(4.65547559323722,18.4494479564317,9.43867975520083));
#4027=CARTESIAN_POINT('Ctrl Pts',(4.53431579257432,18.277581037815,9.31731688850112));
#4028=CARTESIAN_POINT('Ctrl Pts',(4.37324016853369,17.9002584092363,9.07246291344328));
#4029=CARTESIAN_POINT('Ctrl Pts',(4.33333359410365,17.6947975501851,8.94897365564413));
#4030=CARTESIAN_POINT('Ctrl Pts',(4.33333359410365,17.5000001117587,8.83957351215272));
#4031=CARTESIAN_POINT('',(2.84483900049069,19.6953511087896,10.));
#4032=CARTESIAN_POINT('Origin',(0.,0.,10.));
#4033=CARTESIAN_POINT('',(3.00000004470348,19.1051718508777,9.63567270491388));
#4034=CARTESIAN_POINT('Ctrl Pts',(3.00000004470348,19.1051718508777,9.63567270491388));
#4035=CARTESIAN_POINT('Ctrl Pts',(3.00000004470348,19.25640246765,9.73082669392718));
#4036=CARTESIAN_POINT('Ctrl Pts',(2.96983835066591,19.4198316723969,9.83236199214701));
#4037=CARTESIAN_POINT('Ctrl Pts',(2.88751982570959,19.6144457998524,9.95106626711754));
#4038=CARTESIAN_POINT('Ctrl Pts',(2.8673577715002,19.6554844261305,9.97596246599413));
#4039=CARTESIAN_POINT('Ctrl Pts',(2.84483900049069,19.6953511087896,10.));
#4040=CARTESIAN_POINT('',(3.00000004470348,7.50000011175871,4.917953933182));
#4041=CARTESIAN_POINT('Origin',(3.00000004470348,0.,40.0000005960464));
#4042=CARTESIAN_POINT('',(0.600000044703484,7.50000011175871,4.79502938074824));
#4043=CARTESIAN_POINT('Ctrl Pts',(0.600000044703484,7.50000011175871,4.79502938074824));
#4044=CARTESIAN_POINT('Ctrl Pts',(0.600000044703484,7.34963614928466,4.76299612815834));
#4045=CARTESIAN_POINT('Ctrl Pts',(0.629987969137965,7.18867553562015,4.73028670765181));
#4046=CARTESIAN_POINT('Ctrl Pts',(0.753210885289547,6.89165502731604,4.67346067329643));
#4047=CARTESIAN_POINT('Ctrl Pts',(0.846472802166169,6.75560626487756,4.64934426211649));
#4048=CARTESIAN_POINT('Ctrl Pts',(1.06092096708967,6.54289581678662,4.61515167533398));
#4049=CARTESIAN_POINT('Ctrl Pts',(1.19525677672513,6.45135434552173,4.60258840768666));
#4050=CARTESIAN_POINT('Ctrl Pts',(1.48977114321798,6.32990165454257,4.59183305985382));
#4051=CARTESIAN_POINT('Ctrl Pts',(1.64995373075398,6.30000011175871,4.59364207970659));
#4052=CARTESIAN_POINT('Ctrl Pts',(1.95097243444764,6.30000011175871,4.60894866553478));
#4053=CARTESIAN_POINT('Ctrl Pts',(2.11142203855934,6.33022852325497,4.62351307894983));
#4054=CARTESIAN_POINT('Ctrl Pts',(2.40568502913959,6.45190903761442,4.66430597234108));
#4055=CARTESIAN_POINT('Ctrl Pts',(2.53951043538874,6.54333271619334,4.69053252712684));
#4056=CARTESIAN_POINT('Ctrl Pts',(2.75302419406078,6.75509795766302,4.74644129702659));
#4057=CARTESIAN_POINT('Ctrl Pts',(2.84619859770828,6.89065242001458,4.78004731287245));
#4058=CARTESIAN_POINT('Ctrl Pts',(2.96968198065639,7.18746187853348,4.84963179032265));
#4059=CARTESIAN_POINT('Ctrl Pts',(3.00000004470348,7.34871290480825,4.8856110633392));
#4060=CARTESIAN_POINT('Ctrl Pts',(3.00000004470348,7.50000011175871,4.917953933182));
#4061=CARTESIAN_POINT('',(0.600000044703484,19.1051718508777,9.49373224846274));
#4062=CARTESIAN_POINT('Origin',(0.600000044703484,0.,40.0000005960464));
#4063=CARTESIAN_POINT('',(0.883776381940581,19.880113267885,10.));
#4064=CARTESIAN_POINT('Ctrl Pts',(0.883776381940582,19.880113267885,10.));
#4065=CARTESIAN_POINT('Ctrl Pts',(0.806859347900752,19.7891732237601,9.93747080671427));
#4066=CARTESIAN_POINT('Ctrl Pts',(0.742936751167255,19.6855246837033,9.86783251321981));
#4067=CARTESIAN_POINT('Ctrl Pts',(0.631147075956389,19.4234161260695,9.69537838712218));
#4068=CARTESIAN_POINT('Ctrl Pts',(0.600000044703484,19.259001054125,9.59007091992));
#4069=CARTESIAN_POINT('Ctrl Pts',(0.600000044703483,19.1051718508777,9.49373224846274));
#4070=CARTESIAN_POINT('',(-0.883776381940581,19.880113267885,10.));
#4071=CARTESIAN_POINT('Origin',(0.,0.,10.));
#4072=CARTESIAN_POINT('',(-0.600000044703484,19.1051718508777,9.49373224846274));
#4073=CARTESIAN_POINT('Ctrl Pts',(-0.600000044703483,19.1051718508777,9.49373224846274));
#4074=CARTESIAN_POINT('Ctrl Pts',(-0.600000044703483,19.259001054125,9.59007091991999));
#4075=CARTESIAN_POINT('Ctrl Pts',(-0.631147075956389,19.4234161260695,9.69537838712218));
#4076=CARTESIAN_POINT('Ctrl Pts',(-0.742936751167255,19.6855246837033,9.86783251321981));
#4077=CARTESIAN_POINT('Ctrl Pts',(-0.80685934790075,19.7891732237601,9.93747080671427));
#4078=CARTESIAN_POINT('Ctrl Pts',(-0.883776381940581,19.880113267885,10.));
#4079=CARTESIAN_POINT('',(-0.600000044703484,7.50000011175871,4.79502938074824));
#4080=CARTESIAN_POINT('Origin',(-0.600000044703484,0.,40.0000005960464));
#4081=CARTESIAN_POINT('',(-3.00000004470348,7.50000011175871,4.917953933182));
#4082=CARTESIAN_POINT('Ctrl Pts',(-3.00000004470348,7.50000011175871,4.917953933182));
#4083=CARTESIAN_POINT('Ctrl Pts',(-3.00000004470348,7.34871290480825,4.8856110633392));
#4084=CARTESIAN_POINT('Ctrl Pts',(-2.96968198065639,7.18746187853348,4.84963179032265));
#4085=CARTESIAN_POINT('Ctrl Pts',(-2.84619859770828,6.89065242001458,4.78004731287245));
#4086=CARTESIAN_POINT('Ctrl Pts',(-2.75302419406078,6.75509795766302,4.74644129702659));
#4087=CARTESIAN_POINT('Ctrl Pts',(-2.53951043538874,6.54333271619334,4.69053252712684));
#4088=CARTESIAN_POINT('Ctrl Pts',(-2.40568502913959,6.45190903761442,4.66430597234108));
#4089=CARTESIAN_POINT('Ctrl Pts',(-2.11142203855934,6.33022852325497,4.62351307894983));
#4090=CARTESIAN_POINT('Ctrl Pts',(-1.95097243444764,6.30000011175871,4.60894866553478));
#4091=CARTESIAN_POINT('Ctrl Pts',(-1.64995373075398,6.30000011175871,4.59364207970659));
#4092=CARTESIAN_POINT('Ctrl Pts',(-1.48977114321798,6.32990165454257,4.59183305985382));
#4093=CARTESIAN_POINT('Ctrl Pts',(-1.19525677672513,6.45135434552173,4.60258840768666));
#4094=CARTESIAN_POINT('Ctrl Pts',(-1.06092096708967,6.54289581678662,4.61515167533398));
#4095=CARTESIAN_POINT('Ctrl Pts',(-0.846472802166169,6.75560626487756,4.64934426211649));
#4096=CARTESIAN_POINT('Ctrl Pts',(-0.753210885289547,6.89165502731604,4.67346067329643));
#4097=CARTESIAN_POINT('Ctrl Pts',(-0.629987969137965,7.18867553562015,4.73028670765181));
#4098=CARTESIAN_POINT('Ctrl Pts',(-0.600000044703484,7.34963614928466,4.76299612815834));
#4099=CARTESIAN_POINT('Ctrl Pts',(-0.600000044703484,7.50000011175871,4.79502938074824));
#4100=CARTESIAN_POINT('',(-3.00000004470348,19.1051718508777,9.63567270491388));
#4101=CARTESIAN_POINT('Origin',(-3.00000004470348,0.,40.0000005960464));
#4102=CARTESIAN_POINT('',(-2.84483900049069,19.6953511087896,10.));
#4103=CARTESIAN_POINT('Ctrl Pts',(-2.84483900049069,19.6953511087896,10.));
#4104=CARTESIAN_POINT('Ctrl Pts',(-2.8673577715002,19.6554844261305,9.97596246599413));
#4105=CARTESIAN_POINT('Ctrl Pts',(-2.88751982570959,19.6144457998524,9.95106626711754));
#4106=CARTESIAN_POINT('Ctrl Pts',(-2.96983835066591,19.4198316723969,9.83236199214701));
#4107=CARTESIAN_POINT('Ctrl Pts',(-3.00000004470348,19.25640246765,9.73082669392718));
#4108=CARTESIAN_POINT('Ctrl Pts',(-3.00000004470348,19.1051718508777,9.63567270491388));
#4109=CARTESIAN_POINT('',(-5.92509044351071,18.9971910416627,10.));
#4110=CARTESIAN_POINT('Origin',(0.,0.,10.));
#4111=CARTESIAN_POINT('',(-4.33333359410365,17.5000001117587,8.83957351215272));
#4112=CARTESIAN_POINT('Ctrl Pts',(-4.33333359410365,17.5000001117587,8.83957351215271));
#4113=CARTESIAN_POINT('Ctrl Pts',(-4.33333359410365,17.6947975501851,8.94897365564413));
#4114=CARTESIAN_POINT('Ctrl Pts',(-4.37324016853369,17.9002584092363,9.07246291344327));
#4115=CARTESIAN_POINT('Ctrl Pts',(-4.53431579257432,18.277581037815,9.31731688850112));
#4116=CARTESIAN_POINT('Ctrl Pts',(-4.65547559323721,18.4494479564317,9.43867975520083));
#4117=CARTESIAN_POINT('Ctrl Pts',(-4.92332545212558,18.7049387828213,9.63678742097674));
#4118=CARTESIAN_POINT('Ctrl Pts',(-5.0829558627937,18.8132089035275,9.73004341158543));
#4119=CARTESIAN_POINT('Ctrl Pts',(-5.4414842856848,18.9608348289696,9.88487866607317));
#4120=CARTESIAN_POINT('Ctrl Pts',(-5.6405162244798,19.0000001117587,9.94632935331944));
#4121=CARTESIAN_POINT('Ctrl Pts',(-5.86356055385639,19.0000001117587,9.98967568009729));
#4122=CARTESIAN_POINT('Ctrl Pts',(-5.89419237625792,18.9990846607378,9.99509665344165));
#4123=CARTESIAN_POINT('Ctrl Pts',(-5.92509044351071,18.9971910416627,10.));
#4124=CARTESIAN_POINT('',(-4.33333359410365,7.50000011175871,5.05758771018763));
#4125=CARTESIAN_POINT('Origin',(-4.33333359410365,0.,40.0000005960464));
#4126=CARTESIAN_POINT('',(-7.33333359410365,7.50000011175871,5.56205325998691));
#4127=CARTESIAN_POINT('Ctrl Pts',(-7.33333359410365,7.50000011175871,5.56205325998691));
#4128=CARTESIAN_POINT('Ctrl Pts',(-7.33043055264702,7.48416533886858,5.55798653183619));
#4129=CARTESIAN_POINT('Ctrl Pts',(-7.32727689109772,7.46837761165251,5.55388869403709));
#4130=CARTESIAN_POINT('Ctrl Pts',(-7.2809479606831,7.25415341723688,5.49769618699903));
#4131=CARTESIAN_POINT('Ctrl Pts',(-7.1965685377096,7.06561228894682,5.44098765330853));
#4132=CARTESIAN_POINT('Ctrl Pts',(-6.98085710693202,6.75274354253126,5.33435287192203));
#4133=CARTESIAN_POINT('Ctrl Pts',(-6.83431714033936,6.60667103000467,5.27697955925936));
#4134=CARTESIAN_POINT('Ctrl Pts',(-6.49327344431312,6.38523739420789,5.17026723227254));
#4135=CARTESIAN_POINT('Ctrl Pts',(-6.2987488195464,6.30990954831369,5.12092594903129));
#4136=CARTESIAN_POINT('Ctrl Pts',(-5.92201457490165,6.24084160916949,5.04261194838885));
#4137=CARTESIAN_POINT('Ctrl Pts',(-5.7149252317709,6.24103171729935,5.00812765595609));
#4138=CARTESIAN_POINT('Ctrl Pts',(-5.31664339186948,6.32582418613384,4.9606046171442));
#4139=CARTESIAN_POINT('Ctrl Pts',(-5.12546130312844,6.41047851961924,4.94757138979739));
#4140=CARTESIAN_POINT('Ctrl Pts',(-4.80787330893048,6.62992835858273,4.94339577431785));
#4141=CARTESIAN_POINT('Ctrl Pts',(-4.66126046268925,6.77839796858421,4.951923576647));
#4142=CARTESIAN_POINT('Ctrl Pts',(-4.44108415990367,7.12031491483014,4.99115003111655));
#4143=CARTESIAN_POINT('Ctrl Pts',(-4.36748169345603,7.31373773626327,5.02184339181404));
#4144=CARTESIAN_POINT('Ctrl Pts',(-4.33333359410365,7.50000011175871,5.05758771018763));
#4145=CARTESIAN_POINT('',(-7.33333359410365,17.5000001117587,9.40633761682743));
#4146=CARTESIAN_POINT('Origin',(-7.33333359410365,0.,40.0000005960464));
#4147=CARTESIAN_POINT('',(-6.65824270132291,18.7528069463612,10.));
#4148=CARTESIAN_POINT('Ctrl Pts',(-6.65824270132291,18.7528069463612,10.));
#4149=CARTESIAN_POINT('Ctrl Pts',(-6.73468268930589,18.7024751310316,9.98550310615272));
#4150=CARTESIAN_POINT('Ctrl Pts',(-6.80490542227556,18.646058220676,9.966258254019));
#4151=CARTESIAN_POINT('Ctrl Pts',(-7.0167671444114,18.4445015459318,9.89002160549827));
#4152=CARTESIAN_POINT('Ctrl Pts',(-7.13882798592099,18.2668005676922,9.81039386751989));
#4153=CARTESIAN_POINT('Ctrl Pts',(-7.29704205488523,17.8871128073051,9.62146219994378));
#4154=CARTESIAN_POINT('Ctrl Pts',(-7.33333359410365,17.6851422623492,9.51224149823665));
#4155=CARTESIAN_POINT('Ctrl Pts',(-7.33333359410365,17.5000001117587,9.40633761682744));
#4156=CARTESIAN_POINT('',(-10.3555302830096,16.9930267108271,10.));
#4157=CARTESIAN_POINT('Origin',(0.,0.,10.));
#4158=CARTESIAN_POINT('',(-9.00000026077032,15.5000001117587,8.77901419520359));
#4159=CARTESIAN_POINT('Ctrl Pts',(-9.00000026077032,15.5000001117587,8.7790141952036));
#4160=CARTESIAN_POINT('Ctrl Pts',(-9.00000026077032,15.6966633735888,8.87664982212481));
#4161=CARTESIAN_POINT('Ctrl Pts',(-9.0405907764474,15.9010992274538,8.9922928720847));
#4162=CARTESIAN_POINT('Ctrl Pts',(-9.19856709353445,16.2726760398152,9.23245999800507));
#4163=CARTESIAN_POINT('Ctrl Pts',(-9.31588928983722,16.4398399834006,9.35699034551984));
#4164=CARTESIAN_POINT('Ctrl Pts',(-9.57755134800806,16.6961629338994,9.57711733442554));
#4165=CARTESIAN_POINT('Ctrl Pts',(-9.73936053235003,16.8077348007306,9.69003400140784));
#4166=CARTESIAN_POINT('Ctrl Pts',(-10.0581099011645,16.9411265985197,9.86927346273642));
#4167=CARTESIAN_POINT('Ctrl Pts',(-10.2064944113238,16.9786055283235,9.94038650045162));
#4168=CARTESIAN_POINT('Ctrl Pts',(-10.3555302830096,16.9930267108271,10.));
#4169=CARTESIAN_POINT('',(-9.00000026077032,7.50000011175871,5.95958353588466));
#4170=CARTESIAN_POINT('Origin',(-9.00000026077032,0.,40.0000005960464));
#4171=CARTESIAN_POINT('',(-12.0000002607703,7.50000011175871,6.89788597982998));
#4172=CARTESIAN_POINT('Ctrl Pts',(-12.0000002607703,7.50000011175871,6.89788597982998));
#4173=CARTESIAN_POINT('Ctrl Pts',(-11.9972080735234,7.48476999824411,6.89342305948589));
#4174=CARTESIAN_POINT('Ctrl Pts',(-11.9941855038071,7.46959136543878,6.88890005635739));
#4175=CARTESIAN_POINT('Ctrl Pts',(-11.9486659586648,7.25785482637705,6.82475501008611));
#4176=CARTESIAN_POINT('Ctrl Pts',(-11.8660657321219,7.07235431252739,6.75519354867187));
#4177=CARTESIAN_POINT('Ctrl Pts',(-11.6535908666716,6.75895212064439,6.61507853485163));
#4178=CARTESIAN_POINT('Ctrl Pts',(-11.5059518010449,6.61063348680415,6.53418191381082));
#4179=CARTESIAN_POINT('Ctrl Pts',(-11.1625882896742,6.38623613132608,6.37469713619246));
#4180=CARTESIAN_POINT('Ctrl Pts',(-10.9668544027166,6.31017334965087,6.29610687891105));
#4181=CARTESIAN_POINT('Ctrl Pts',(-10.5892914601081,6.24095348255921,6.1627821330684));
#4182=CARTESIAN_POINT('Ctrl Pts',(-10.38172201611,6.24078073214131,6.09841611900158));
#4183=CARTESIAN_POINT('Ctrl Pts',(-9.97999590454758,6.32675481555611,5.99387200913273));
#4184=CARTESIAN_POINT('Ctrl Pts',(-9.78586037345766,6.4130163194486,5.9537070276187));
#4185=CARTESIAN_POINT('Ctrl Pts',(-9.46861679982052,6.63583768669112,5.90678577820037));
#4186=CARTESIAN_POINT('Ctrl Pts',(-9.32417828479947,6.78317486068529,5.89591117309516));
#4187=CARTESIAN_POINT('Ctrl Pts',(-9.10682694439566,7.12281706378106,5.90642558070441));
#4188=CARTESIAN_POINT('Ctrl Pts',(-9.03389658926758,7.31511103195012,5.92780950820453));
#4189=CARTESIAN_POINT('Ctrl Pts',(-9.00000026077032,7.50000011175871,5.95958353588466));
#4190=CARTESIAN_POINT('',(-12.0000002607703,15.5000001117587,9.8048024632805));
#4191=CARTESIAN_POINT('Origin',(-12.0000002607703,0.,40.0000005960464));
#4192=CARTESIAN_POINT('',(-11.9401179712207,15.9195963224745,10.));
#4193=CARTESIAN_POINT('Ctrl Pts',(-11.9401179712207,15.9195963224745,10.));
#4194=CARTESIAN_POINT('Ctrl Pts',(-11.9814398432911,15.7777734025392,9.94118748092406));
#4195=CARTESIAN_POINT('Ctrl Pts',(-12.0000002607703,15.6338622045072,9.87351744383598));
#4196=CARTESIAN_POINT('Ctrl Pts',(-12.0000002607703,15.5000001117587,9.8048024632805));
#4197=CARTESIAN_POINT('',(-15.7993819963272,12.0987393050411,10.));
#4198=CARTESIAN_POINT('Origin',(0.,0.,10.));
#4199=CARTESIAN_POINT('',(-13.666666927437,10.7387129664729,8.47378517271649));
#4200=CARTESIAN_POINT('Ctrl Pts',(-13.666666927437,10.7387129664729,8.47378517271649));
#4201=CARTESIAN_POINT('Ctrl Pts',(-13.666666927437,10.934164039171,8.54036128851445));
#4202=CARTESIAN_POINT('Ctrl Pts',(-13.7067821053074,11.1355088386052,8.62846725200416));
#4203=CARTESIAN_POINT('Ctrl Pts',(-13.8584984793935,11.4985851943088,8.82672525386821));
#4204=CARTESIAN_POINT('Ctrl Pts',(-13.9699512681692,11.6603862822543,8.93686349087616));
#4205=CARTESIAN_POINT('Ctrl Pts',(-14.2264764532594,11.9226891904166,9.15352465624361));
#4206=CARTESIAN_POINT('Ctrl Pts',(-14.3941392306644,12.0402599173686,9.27710859641889));
#4207=CARTESIAN_POINT('Ctrl Pts',(-14.766057760906,12.1982799031157,9.51687901217386));
#4208=CARTESIAN_POINT('Ctrl Pts',(-14.9703275798473,12.2387129664729,9.63305434214054));
#4209=CARTESIAN_POINT('Ctrl Pts',(-15.3474585121288,12.2387129664729,9.82202329228813));
#4210=CARTESIAN_POINT('Ctrl Pts',(-15.5464461903604,12.2039171066208,9.90983594957182));
#4211=CARTESIAN_POINT('Ctrl Pts',(-15.7559668124733,12.1183099982883,9.98505936608676));
#4212=CARTESIAN_POINT('Ctrl Pts',(-15.7777703758709,12.1087935205647,9.99267310299188));
#4213=CARTESIAN_POINT('Ctrl Pts',(-15.7993819963272,12.0987393050411,10.));
#4214=CARTESIAN_POINT('',(-13.666666927437,7.49999983236194,7.55046720018587));
#4215=CARTESIAN_POINT('Origin',(-13.666666927437,0.,40.0000005960464));
#4216=CARTESIAN_POINT('',(-16.666666927437,7.49999983236194,8.98432365607867));
#4217=CARTESIAN_POINT('Ctrl Pts',(-16.666666927437,7.49999983236194,8.98432365607867));
#4218=CARTESIAN_POINT('Ctrl Pts',(-16.6641128034937,7.48606825469975,8.97958232596134));
#4219=CARTESIAN_POINT('Ctrl Pts',(-16.66136764816,7.47218920589157,8.97476183685255));
#4220=CARTESIAN_POINT('Ctrl Pts',(-16.617328742415,7.26470363059414,8.90124866122861));
#4221=CARTESIAN_POINT('Ctrl Pts',(-16.5375716294605,7.08362264355789,8.81715387629036));
#4222=CARTESIAN_POINT('Ctrl Pts',(-16.3294546192913,6.76833138002903,8.6378034268094));
#4223=CARTESIAN_POINT('Ctrl Pts',(-16.1797831183675,6.61635743112875,8.52788430364799));
#4224=CARTESIAN_POINT('Ctrl Pts',(-15.8326246683088,6.38742748379175,8.30482055888818));
#4225=CARTESIAN_POINT('Ctrl Pts',(-15.635136717557,6.31046943356327,8.19167960189708));
#4226=CARTESIAN_POINT('Ctrl Pts',(-15.2561731564517,6.24099274337671,7.99462514155995));
#4227=CARTESIAN_POINT('Ctrl Pts',(-15.0476712900351,6.24047626354365,7.89587933250796));
#4228=CARTESIAN_POINT('Ctrl Pts',(-14.6409126388724,6.32845042377546,7.72547581739935));
#4229=CARTESIAN_POINT('Ctrl Pts',(-14.4426836255994,6.41709582724397,7.65383175613628));
#4230=CARTESIAN_POINT('Ctrl Pts',(-14.1266118083434,6.64469711099865,7.56048075328156));
#4231=CARTESIAN_POINT('Ctrl Pts',(-13.9856904731623,6.78986864117389,7.52943236115347));
#4232=CARTESIAN_POINT('Ctrl Pts',(-13.7725158969533,7.12574496250051,7.51029114413063));
#4233=CARTESIAN_POINT('Ctrl Pts',(-13.7003118321973,7.31648226860368,7.5222212473373));
#4234=CARTESIAN_POINT('Ctrl Pts',(-13.666666927437,7.49999983236194,7.55046720018587));
#4235=CARTESIAN_POINT('',(-16.666666927437,10.7387129664729,9.95166857322718));
#4236=CARTESIAN_POINT('Origin',(-16.666666927437,0.,40.0000005960464));
#4237=CARTESIAN_POINT('',(-16.6596364838992,10.8837712426138,10.));
#4238=CARTESIAN_POINT('Ctrl Pts',(-16.6596364838992,10.8837712426138,10.));
#4239=CARTESIAN_POINT('Ctrl Pts',(-16.6644172159443,10.8345669669892,9.98480390623327));
#4240=CARTESIAN_POINT('Ctrl Pts',(-16.666666927437,10.7860295395454,9.96857863320647));
#4241=CARTESIAN_POINT('Ctrl Pts',(-16.666666927437,10.7387129664729,9.95166857322718));
#4242=CARTESIAN_POINT('Origin',(0.,0.,10.));
#4243=CARTESIAN_POINT('',(-19.0000002831221,5.00000007450581,9.83379452872164));
#4244=CARTESIAN_POINT('Origin',(-19.0000002831221,0.,40.0000005960464));
#4245=CARTESIAN_POINT('',(-16.0000002384186,5.00000007450581,8.14093608332813));
#4246=CARTESIAN_POINT('Ctrl Pts',(-16.0000002384186,5.00000007450581,8.14093608332813));
#4247=CARTESIAN_POINT('Ctrl Pts',(-16.0000002384186,5.19133719598879,8.17096476233372));
#4248=CARTESIAN_POINT('Ctrl Pts',(-16.0386840372866,5.3900180905629,8.22342712529448));
#4249=CARTESIAN_POINT('Ctrl Pts',(-16.1857969492479,5.74861789971686,8.36116889246776));
#4250=CARTESIAN_POINT('Ctrl Pts',(-16.2940133265035,5.90864755562483,8.44638708832353));
#4251=CARTESIAN_POINT('Ctrl Pts',(-16.5506591364573,6.17826781136153,8.63195818052248));
#4252=CARTESIAN_POINT('Ctrl Pts',(-16.7237474102433,6.29985963619344,8.74804950074541));
#4253=CARTESIAN_POINT('Ctrl Pts',(-17.1018236712943,6.46070490414742,8.98640155630373));
#4254=CARTESIAN_POINT('Ctrl Pts',(-17.3067901066501,6.50000009685755,9.10866830157545));
#4255=CARTESIAN_POINT('Ctrl Pts',(-17.6859374871809,6.50000009685755,9.3242225108703));
#4256=CARTESIAN_POINT('Ctrl Pts',(-17.8883051996732,6.46341292376831,9.43393421644693));
#4257=CARTESIAN_POINT('Ctrl Pts',(-18.268114766825,6.30474443456958,9.6260353635855));
#4258=CARTESIAN_POINT('Ctrl Pts',(-18.4455415940775,6.18253959330259,9.70835246213019));
#4259=CARTESIAN_POINT('Ctrl Pts',(-18.7101376019226,5.90404355591372,9.81544803337384));
#4260=CARTESIAN_POINT('Ctrl Pts',(-18.8193490696802,5.73967268064399,9.85159760662459));
#4261=CARTESIAN_POINT('Ctrl Pts',(-18.9643241861603,5.37888295493784,9.87592432773115));
#4262=CARTESIAN_POINT('Ctrl Pts',(-19.0000002831221,5.18242418386446,9.86403103106302));
#4263=CARTESIAN_POINT('Ctrl Pts',(-19.0000002831221,5.00000007450581,9.83379452872165));
#4264=CARTESIAN_POINT('Origin',(-16.0000002384186,0.,40.0000005960464));
#4265=CARTESIAN_POINT('',(-14.3333336164554,5.00000007450581,7.35715227218948));
#4266=CARTESIAN_POINT('Origin',(-14.3333336164554,0.,40.0000005960464));
#4267=CARTESIAN_POINT('',(-11.3333335717519,5.00000007450581,6.19829132852059));
#4268=CARTESIAN_POINT('Ctrl Pts',(-11.3333335717519,5.00000007450581,6.1982913285206));
#4269=CARTESIAN_POINT('Ctrl Pts',(-11.3333335717519,5.19063994438356,6.22649106706188));
#4270=CARTESIAN_POINT('Ctrl Pts',(-11.3718002258758,5.39084582331341,6.27074197179067));
#4271=CARTESIAN_POINT('Ctrl Pts',(-11.5223631326227,5.75511365415248,6.38221124163377));
#4272=CARTESIAN_POINT('Ctrl Pts',(-11.6343408036366,5.91922988275063,6.44941236804024));
#4273=CARTESIAN_POINT('Ctrl Pts',(-11.8950245553169,6.18602252847881,6.58916712260463));
#4274=CARTESIAN_POINT('Ctrl Pts',(-12.0652503896815,6.30424505414904,6.6723203942232));
#4275=CARTESIAN_POINT('Ctrl Pts',(-12.4385909108886,6.46122724682176,6.84005429150669));
#4276=CARTESIAN_POINT('Ctrl Pts',(-12.6416993644358,6.50000009685755,6.92463645285711));
#4277=CARTESIAN_POINT('Ctrl Pts',(-13.0194763041811,6.50000009685755,7.07154596346269));
#4278=CARTESIAN_POINT('Ctrl Pts',(-13.2207766149236,6.46322251149557,7.14451810691994));
#4279=CARTESIAN_POINT('Ctrl Pts',(-13.5954366334867,6.30779624512097,7.26743701781451));
#4280=CARTESIAN_POINT('Ctrl Pts',(-13.7687656859456,6.18903234795049,7.31733150268814));
#4281=CARTESIAN_POINT('Ctrl Pts',(-14.0352198372332,5.91620729582405,7.38028283138159));
#4282=CARTESIAN_POINT('Ctrl Pts',(-14.1478929776061,5.7489577633246,7.39899425400593));
#4283=CARTESIAN_POINT('Ctrl Pts',(-14.2969526796807,5.38317517920732,7.40157157486523));
#4284=CARTESIAN_POINT('Ctrl Pts',(-14.3333336164554,5.18463981149244,7.38543407803959));
#4285=CARTESIAN_POINT('Ctrl Pts',(-14.3333336164554,5.00000007450581,7.35715227218948));
#4286=CARTESIAN_POINT('Origin',(-11.3333335717519,0.,40.0000005960464));
#4287=CARTESIAN_POINT('',(-9.66666694978873,5.00000007450581,5.68447132230794));
#4288=CARTESIAN_POINT('Origin',(-9.66666694978873,0.,40.0000005960464));
#4289=CARTESIAN_POINT('',(-6.66666690508524,5.00000007450581,4.97778548004353));
#4290=CARTESIAN_POINT('Ctrl Pts',(-6.66666690508524,5.00000007450581,4.97778548004353));
#4291=CARTESIAN_POINT('Ctrl Pts',(-6.66666690508524,5.18993768538584,5.00490221339138));
#4292=CARTESIAN_POINT('Ctrl Pts',(-6.7048810851759,5.39092858147979,5.04253996408193));
#4293=CARTESIAN_POINT('Ctrl Pts',(-6.85748404960419,5.7587378758501,5.13091047658695));
#4294=CARTESIAN_POINT('Ctrl Pts',(-6.97182057623126,5.92557810697625,5.18164259966447));
#4295=CARTESIAN_POINT('Ctrl Pts',(-7.23554791802687,6.19109020326751,5.28177079163479));
#4296=CARTESIAN_POINT('Ctrl Pts',(-7.4041604131645,6.30723093752273,5.33819848906986));
#4297=CARTESIAN_POINT('Ctrl Pts',(-7.77458754322523,6.46169168625091,5.44792963190762));
#4298=CARTESIAN_POINT('Ctrl Pts',(-7.97640782773159,6.50000009685755,5.50123033915831));
#4299=CARTESIAN_POINT('Ctrl Pts',(-8.35338734767003,6.50000009685755,5.59058703041137));
#4300=CARTESIAN_POINT('Ctrl Pts',(-8.55410565109317,6.46295726157245,5.63288113570142));
#4301=CARTESIAN_POINT('Ctrl Pts',(-8.92538657109314,6.30946444002832,5.69884065803312));
#4302=CARTESIAN_POINT('Ctrl Pts',(-9.0959289759114,6.19295574253113,5.72248320335158));
#4303=CARTESIAN_POINT('Ctrl Pts',(-9.36330144068539,5.92378175683884,5.74692994380058));
#4304=CARTESIAN_POINT('Ctrl Pts',(-9.47805957490283,5.75497794767857,5.74965117165113));
#4305=CARTESIAN_POINT('Ctrl Pts',(-9.6297314067604,5.38624431811366,5.73199123810312));
#4306=CARTESIAN_POINT('Ctrl Pts',(-9.66666694978873,5.18632301767762,5.71161981016339));
#4307=CARTESIAN_POINT('Ctrl Pts',(-9.66666694978873,5.00000007450581,5.68447132230794));
#4308=CARTESIAN_POINT('Origin',(-6.66666690508524,0.,40.0000005960464));
#4309=CARTESIAN_POINT('',(-5.00000028312206,5.00000007450581,4.7012754572582));
#4310=CARTESIAN_POINT('Origin',(-5.00000028312206,0.,40.0000005960464));
#4311=CARTESIAN_POINT('Ctrl Pts',(-2.56311435023556,6.17142862874917,4.62566083531209));
#4312=CARTESIAN_POINT('Ctrl Pts',(-2.67074895227155,6.25751270256506,4.64847798232166));
#4313=CARTESIAN_POINT('Ctrl Pts',(-2.79408336884116,6.3311285669602,4.67110929232923));
#4314=CARTESIAN_POINT('Ctrl Pts',(-3.10994380437071,6.46210498174789,4.72096728052976));
#4315=CARTESIAN_POINT('Ctrl Pts',(-3.31094693578057,6.50000009685755,4.74629550068799));
#4316=CARTESIAN_POINT('Ctrl Pts',(-3.68752930994414,6.50000009685755,4.78370265786037));
#4317=CARTESIAN_POINT('Ctrl Pts',(-3.88807218217241,6.46264553978326,4.79833734725187));
#4318=CARTESIAN_POINT('Ctrl Pts',(-4.25744694172494,6.31004056329448,4.81339061758769));
#4319=CARTESIAN_POINT('Ctrl Pts',(-4.42627462201129,6.19477961408896,4.81380568035059));
#4320=CARTESIAN_POINT('Ctrl Pts',(-4.69368151835382,5.92790505337312,4.80248349273511));
#4321=CARTESIAN_POINT('Ctrl Pts',(-4.80946674934634,5.75855895333179,4.78993824823288));
#4322=CARTESIAN_POINT('Ctrl Pts',(-4.96261528776981,5.38842172699911,4.75262022577521));
#4323=CARTESIAN_POINT('Ctrl Pts',(-5.00000028312206,5.18763889853164,4.72785415465933));
#4324=CARTESIAN_POINT('Ctrl Pts',(-5.00000028312206,5.00000007450581,4.7012754572582));
#4325=CARTESIAN_POINT('',(5.00000028312206,5.00000007450581,4.7012754572582));
#4326=CARTESIAN_POINT('Ctrl Pts',(5.00000028312206,5.00000007450581,4.7012754572582));
#4327=CARTESIAN_POINT('Ctrl Pts',(5.00000028312206,5.18763889853164,4.72785415465933));
#4328=CARTESIAN_POINT('Ctrl Pts',(4.96261528776981,5.38842172699911,4.75262022577521));
#4329=CARTESIAN_POINT('Ctrl Pts',(4.80946674934634,5.75855895333178,4.78993824823288));
#4330=CARTESIAN_POINT('Ctrl Pts',(4.69368151835382,5.92790505337312,4.8024834927351));
#4331=CARTESIAN_POINT('Ctrl Pts',(4.42627462201129,6.19477961408896,4.81380568035059));
#4332=CARTESIAN_POINT('Ctrl Pts',(4.25744694172494,6.31004056329448,4.81339061758769));
#4333=CARTESIAN_POINT('Ctrl Pts',(3.88807218217241,6.46264553978326,4.79833734725187));
#4334=CARTESIAN_POINT('Ctrl Pts',(3.68752930994414,6.50000009685755,4.78370265786037));
#4335=CARTESIAN_POINT('Ctrl Pts',(3.31094693578057,6.50000009685755,4.74629550068799));
#4336=CARTESIAN_POINT('Ctrl Pts',(3.10994380437071,6.46210498174789,4.72096728052976));
#4337=CARTESIAN_POINT('Ctrl Pts',(2.79408336884116,6.3311285669602,4.67110929232923));
#4338=CARTESIAN_POINT('Ctrl Pts',(2.67074895227155,6.25751270256506,4.64847798232166));
#4339=CARTESIAN_POINT('Ctrl Pts',(2.56311435023556,6.17142862874917,4.62566083531209));
#4340=CARTESIAN_POINT('',(5.00000028312206,-5.00000007450581,4.7012754572582));
#4341=CARTESIAN_POINT('Origin',(5.00000028312206,0.,40.0000005960464));
#4342=CARTESIAN_POINT('Ctrl Pts',(2.56311435023556,-6.17142862874917,4.62566083531209));
#4343=CARTESIAN_POINT('Ctrl Pts',(2.67074895227155,-6.25751270256506,4.64847798232166));
#4344=CARTESIAN_POINT('Ctrl Pts',(2.79408336884116,-6.3311285669602,4.67110929232923));
#4345=CARTESIAN_POINT('Ctrl Pts',(3.10994380437071,-6.46210498174789,4.72096728052976));
#4346=CARTESIAN_POINT('Ctrl Pts',(3.31094693578057,-6.50000009685755,4.74629550068799));
#4347=CARTESIAN_POINT('Ctrl Pts',(3.68752930994413,-6.50000009685755,4.78370265786037));
#4348=CARTESIAN_POINT('Ctrl Pts',(3.88807218217241,-6.46264553978326,4.79833734725187));
#4349=CARTESIAN_POINT('Ctrl Pts',(4.25744694172494,-6.31004056329449,4.8133906175877));
#4350=CARTESIAN_POINT('Ctrl Pts',(4.42627462201129,-6.19477961408896,4.81380568035059));
#4351=CARTESIAN_POINT('Ctrl Pts',(4.69368151835382,-5.92790505337312,4.8024834927351));
#4352=CARTESIAN_POINT('Ctrl Pts',(4.80946674934634,-5.75855895333179,4.78993824823288));
#4353=CARTESIAN_POINT('Ctrl Pts',(4.96261528776981,-5.38842172699912,4.75262022577521));
#4354=CARTESIAN_POINT('Ctrl Pts',(5.00000028312206,-5.18763889853164,4.72785415465933));
#4355=CARTESIAN_POINT('Ctrl Pts',(5.00000028312206,-5.00000007450581,4.7012754572582));
#4356=CARTESIAN_POINT('',(19.0000002831221,-5.00000007450581,9.83379452872165));
#4357=CARTESIAN_POINT('',(19.0000002831221,5.00000007450581,9.83379452872164));
#4358=CARTESIAN_POINT('Origin',(19.0000002831221,0.,40.0000005960464));
#4359=CARTESIAN_POINT('',(16.0000002384186,-5.00000007450581,8.14093608332813));
#4360=CARTESIAN_POINT('Ctrl Pts',(16.0000002384186,-5.00000007450581,8.14093608332813));
#4361=CARTESIAN_POINT('Ctrl Pts',(16.0000002384186,-5.19133719598879,8.17096476233372));
#4362=CARTESIAN_POINT('Ctrl Pts',(16.0386840372866,-5.3900180905629,8.22342712529448));
#4363=CARTESIAN_POINT('Ctrl Pts',(16.1857969492479,-5.74861789971686,8.36116889246776));
#4364=CARTESIAN_POINT('Ctrl Pts',(16.2940133265035,-5.90864755562483,8.44638708832353));
#4365=CARTESIAN_POINT('Ctrl Pts',(16.5506591364573,-6.17826781136153,8.63195818052248));
#4366=CARTESIAN_POINT('Ctrl Pts',(16.7237474102433,-6.29985963619344,8.74804950074541));
#4367=CARTESIAN_POINT('Ctrl Pts',(17.1018236712943,-6.46070490414742,8.98640155630373));
#4368=CARTESIAN_POINT('Ctrl Pts',(17.3067901066501,-6.50000009685755,9.10866830157545));
#4369=CARTESIAN_POINT('Ctrl Pts',(17.6859374871809,-6.50000009685755,9.3242225108703));
#4370=CARTESIAN_POINT('Ctrl Pts',(17.8883051996732,-6.46341292376831,9.43393421644693));
#4371=CARTESIAN_POINT('Ctrl Pts',(18.268114766825,-6.30474443456958,9.6260353635855));
#4372=CARTESIAN_POINT('Ctrl Pts',(18.4455415940775,-6.18253959330259,9.70835246213019));
#4373=CARTESIAN_POINT('Ctrl Pts',(18.7101376019226,-5.90404355591373,9.81544803337384));
#4374=CARTESIAN_POINT('Ctrl Pts',(18.8193490696802,-5.73967268064399,9.85159760662459));
#4375=CARTESIAN_POINT('Ctrl Pts',(18.9643241861603,-5.37888295493784,9.87592432773115));
#4376=CARTESIAN_POINT('Ctrl Pts',(19.0000002831221,-5.18242418386447,9.86403103106302));
#4377=CARTESIAN_POINT('Ctrl Pts',(19.0000002831221,-5.00000007450581,9.83379452872165));
#4378=CARTESIAN_POINT('',(16.0000002384186,5.00000007450581,8.14093608332813));
#4379=CARTESIAN_POINT('Origin',(16.0000002384186,0.,40.0000005960464));
#4380=CARTESIAN_POINT('Ctrl Pts',(19.0000002831221,5.00000007450581,9.83379452872165));
#4381=CARTESIAN_POINT('Ctrl Pts',(19.0000002831221,5.18242418386446,9.86403103106302));
#4382=CARTESIAN_POINT('Ctrl Pts',(18.9643241861603,5.37888295493784,9.87592432773115));
#4383=CARTESIAN_POINT('Ctrl Pts',(18.8193490696802,5.73967268064398,9.8515976066246));
#4384=CARTESIAN_POINT('Ctrl Pts',(18.7101376019226,5.90404355591372,9.81544803337384));
#4385=CARTESIAN_POINT('Ctrl Pts',(18.4455415940775,6.18253959330259,9.70835246213019));
#4386=CARTESIAN_POINT('Ctrl Pts',(18.268114766825,6.30474443456958,9.62603536358549));
#4387=CARTESIAN_POINT('Ctrl Pts',(17.8883051996732,6.4634129237683,9.43393421644693));
#4388=CARTESIAN_POINT('Ctrl Pts',(17.6859374871809,6.50000009685755,9.32422251087031));
#4389=CARTESIAN_POINT('Ctrl Pts',(17.3067901066501,6.50000009685755,9.10866830157545));
#4390=CARTESIAN_POINT('Ctrl Pts',(17.1018236712943,6.46070490414743,8.98640155630373));
#4391=CARTESIAN_POINT('Ctrl Pts',(16.7237474102433,6.29985963619344,8.74804950074541));
#4392=CARTESIAN_POINT('Ctrl Pts',(16.5506591364573,6.17826781136153,8.63195818052248));
#4393=CARTESIAN_POINT('Ctrl Pts',(16.2940133265035,5.90864755562483,8.44638708832354));
#4394=CARTESIAN_POINT('Ctrl Pts',(16.1857969492479,5.74861789971686,8.36116889246776));
#4395=CARTESIAN_POINT('Ctrl Pts',(16.0386840372866,5.39001809056289,8.22342712529449));
#4396=CARTESIAN_POINT('Ctrl Pts',(16.0000002384186,5.19133719598879,8.17096476233372));
#4397=CARTESIAN_POINT('Ctrl Pts',(16.0000002384186,5.00000007450581,8.14093608332813));
#4398=CARTESIAN_POINT('',(6.66666690508524,5.00000007450581,4.97778548004353));
#4399=CARTESIAN_POINT('',(6.66666690508524,-5.00000007450581,4.97778548004353));
#4400=CARTESIAN_POINT('Origin',(6.66666690508524,0.,40.0000005960464));
#4401=CARTESIAN_POINT('',(9.66666694978873,5.00000007450581,5.68447132230794));
#4402=CARTESIAN_POINT('Ctrl Pts',(9.66666694978873,5.00000007450581,5.68447132230794));
#4403=CARTESIAN_POINT('Ctrl Pts',(9.66666694978873,5.18632301767762,5.71161981016339));
#4404=CARTESIAN_POINT('Ctrl Pts',(9.62973140676039,5.38624431811366,5.73199123810312));
#4405=CARTESIAN_POINT('Ctrl Pts',(9.47805957490283,5.75497794767857,5.74965117165113));
#4406=CARTESIAN_POINT('Ctrl Pts',(9.36330144068539,5.92378175683884,5.74692994380058));
#4407=CARTESIAN_POINT('Ctrl Pts',(9.0959289759114,6.19295574253113,5.72248320335158));
#4408=CARTESIAN_POINT('Ctrl Pts',(8.92538657109314,6.30946444002832,5.69884065803312));
#4409=CARTESIAN_POINT('Ctrl Pts',(8.55410565109317,6.46295726157245,5.63288113570142));
#4410=CARTESIAN_POINT('Ctrl Pts',(8.35338734767003,6.50000009685755,5.59058703041137));
#4411=CARTESIAN_POINT('Ctrl Pts',(7.97640782773159,6.50000009685755,5.50123033915831));
#4412=CARTESIAN_POINT('Ctrl Pts',(7.77458754322523,6.46169168625091,5.44792963190762));
#4413=CARTESIAN_POINT('Ctrl Pts',(7.4041604131645,6.30723093752273,5.33819848906986));
#4414=CARTESIAN_POINT('Ctrl Pts',(7.23554791802687,6.19109020326751,5.28177079163479));
#4415=CARTESIAN_POINT('Ctrl Pts',(6.97182057623126,5.92557810697625,5.18164259966447));
#4416=CARTESIAN_POINT('Ctrl Pts',(6.85748404960419,5.7587378758501,5.13091047658695));
#4417=CARTESIAN_POINT('Ctrl Pts',(6.70488108517589,5.39092858147979,5.04253996408193));
#4418=CARTESIAN_POINT('Ctrl Pts',(6.66666690508524,5.18993768538584,5.00490221339138));
#4419=CARTESIAN_POINT('Ctrl Pts',(6.66666690508524,5.00000007450581,4.97778548004353));
#4420=CARTESIAN_POINT('',(9.66666694978873,-5.00000007450581,5.68447132230794));
#4421=CARTESIAN_POINT('Origin',(9.66666694978873,0.,40.0000005960464));
#4422=CARTESIAN_POINT('Ctrl Pts',(6.66666690508524,-5.00000007450581,4.97778548004353));
#4423=CARTESIAN_POINT('Ctrl Pts',(6.66666690508524,-5.18993768538584,5.00490221339138));
#4424=CARTESIAN_POINT('Ctrl Pts',(6.70488108517589,-5.39092858147979,5.04253996408192));
#4425=CARTESIAN_POINT('Ctrl Pts',(6.85748404960418,-5.75873787585011,5.13091047658694));
#4426=CARTESIAN_POINT('Ctrl Pts',(6.97182057623125,-5.92557810697626,5.18164259966447));
#4427=CARTESIAN_POINT('Ctrl Pts',(7.23554791802687,-6.19109020326751,5.28177079163479));
#4428=CARTESIAN_POINT('Ctrl Pts',(7.40416041316449,-6.30723093752273,5.33819848906986));
#4429=CARTESIAN_POINT('Ctrl Pts',(7.77458754322522,-6.46169168625092,5.44792963190762));
#4430=CARTESIAN_POINT('Ctrl Pts',(7.97640782773159,-6.50000009685755,5.50123033915831));
#4431=CARTESIAN_POINT('Ctrl Pts',(8.35338734767003,-6.50000009685755,5.59058703041137));
#4432=CARTESIAN_POINT('Ctrl Pts',(8.55410565109316,-6.46295726157246,5.63288113570142));
#4433=CARTESIAN_POINT('Ctrl Pts',(8.92538657109314,-6.30946444002832,5.69884065803312));
#4434=CARTESIAN_POINT('Ctrl Pts',(9.0959289759114,-6.19295574253113,5.72248320335158));
#4435=CARTESIAN_POINT('Ctrl Pts',(9.36330144068539,-5.92378175683884,5.74692994380058));
#4436=CARTESIAN_POINT('Ctrl Pts',(9.47805957490283,-5.75497794767857,5.74965117165113));
#4437=CARTESIAN_POINT('Ctrl Pts',(9.62973140676039,-5.38624431811366,5.73199123810312));
#4438=CARTESIAN_POINT('Ctrl Pts',(9.66666694978873,-5.18632301767762,5.71161981016339));
#4439=CARTESIAN_POINT('Ctrl Pts',(9.66666694978873,-5.00000007450581,5.68447132230794));
#4440=CARTESIAN_POINT('',(11.3333335717519,5.00000007450581,6.19829132852059));
#4441=CARTESIAN_POINT('',(11.3333335717519,-5.00000007450581,6.19829132852059));
#4442=CARTESIAN_POINT('Origin',(11.3333335717519,0.,40.0000005960464));
#4443=CARTESIAN_POINT('',(14.3333336164554,5.00000007450581,7.35715227218948));
#4444=CARTESIAN_POINT('Ctrl Pts',(14.3333336164554,5.00000007450581,7.35715227218948));
#4445=CARTESIAN_POINT('Ctrl Pts',(14.3333336164554,5.18463981149244,7.38543407803959));
#4446=CARTESIAN_POINT('Ctrl Pts',(14.2969526796807,5.38317517920732,7.40157157486523));
#4447=CARTESIAN_POINT('Ctrl Pts',(14.1478929776061,5.7489577633246,7.39899425400593));
#4448=CARTESIAN_POINT('Ctrl Pts',(14.0352198372332,5.91620729582405,7.38028283138159));
#4449=CARTESIAN_POINT('Ctrl Pts',(13.7687656859456,6.18903234795049,7.31733150268814));
#4450=CARTESIAN_POINT('Ctrl Pts',(13.5954366334867,6.30779624512097,7.26743701781451));
#4451=CARTESIAN_POINT('Ctrl Pts',(13.2207766149236,6.46322251149557,7.14451810691994));
#4452=CARTESIAN_POINT('Ctrl Pts',(13.0194763041811,6.50000009685755,7.07154596346269));
#4453=CARTESIAN_POINT('Ctrl Pts',(12.6416993644358,6.50000009685755,6.92463645285711));
#4454=CARTESIAN_POINT('Ctrl Pts',(12.4385909108886,6.46122724682176,6.84005429150669));
#4455=CARTESIAN_POINT('Ctrl Pts',(12.0652503896815,6.30424505414904,6.6723203942232));
#4456=CARTESIAN_POINT('Ctrl Pts',(11.8950245553169,6.18602252847881,6.58916712260463));
#4457=CARTESIAN_POINT('Ctrl Pts',(11.6343408036366,5.91922988275063,6.44941236804024));
#4458=CARTESIAN_POINT('Ctrl Pts',(11.5223631326227,5.75511365415248,6.38221124163377));
#4459=CARTESIAN_POINT('Ctrl Pts',(11.3718002258758,5.39084582331341,6.27074197179067));
#4460=CARTESIAN_POINT('Ctrl Pts',(11.3333335717519,5.19063994438356,6.22649106706187));
#4461=CARTESIAN_POINT('Ctrl Pts',(11.3333335717519,5.00000007450581,6.1982913285206));
#4462=CARTESIAN_POINT('',(14.3333336164554,-5.00000007450581,7.35715227218948));
#4463=CARTESIAN_POINT('Origin',(14.3333336164554,0.,40.0000005960464));
#4464=CARTESIAN_POINT('Ctrl Pts',(11.3333335717519,-5.00000007450581,6.1982913285206));
#4465=CARTESIAN_POINT('Ctrl Pts',(11.3333335717519,-5.19063994438356,6.22649106706188));
#4466=CARTESIAN_POINT('Ctrl Pts',(11.3718002258758,-5.39084582331341,6.27074197179067));
#4467=CARTESIAN_POINT('Ctrl Pts',(11.5223631326227,-5.75511365415248,6.38221124163377));
#4468=CARTESIAN_POINT('Ctrl Pts',(11.6343408036366,-5.91922988275063,6.44941236804024));
#4469=CARTESIAN_POINT('Ctrl Pts',(11.8950245553169,-6.18602252847881,6.58916712260463));
#4470=CARTESIAN_POINT('Ctrl Pts',(12.0652503896815,-6.30424505414904,6.6723203942232));
#4471=CARTESIAN_POINT('Ctrl Pts',(12.4385909108886,-6.46122724682176,6.84005429150669));
#4472=CARTESIAN_POINT('Ctrl Pts',(12.6416993644358,-6.50000009685755,6.92463645285712));
#4473=CARTESIAN_POINT('Ctrl Pts',(13.0194763041811,-6.50000009685755,7.07154596346269));
#4474=CARTESIAN_POINT('Ctrl Pts',(13.2207766149236,-6.46322251149557,7.14451810691995));
#4475=CARTESIAN_POINT('Ctrl Pts',(13.5954366334867,-6.30779624512097,7.26743701781452));
#4476=CARTESIAN_POINT('Ctrl Pts',(13.7687656859456,-6.1890323479505,7.31733150268814));
#4477=CARTESIAN_POINT('Ctrl Pts',(14.0352198372332,-5.91620729582405,7.38028283138159));
#4478=CARTESIAN_POINT('Ctrl Pts',(14.1478929776061,-5.7489577633246,7.39899425400593));
#4479=CARTESIAN_POINT('Ctrl Pts',(14.2969526796807,-5.38317517920732,7.40157157486523));
#4480=CARTESIAN_POINT('Ctrl Pts',(14.3333336164554,-5.18463981149244,7.38543407803959));
#4481=CARTESIAN_POINT('Ctrl Pts',(14.3333336164554,-5.00000007450581,7.35715227218948));
#4482=CARTESIAN_POINT('Origin',(14.3333336164554,-5.00000007450581,0.));
#4483=CARTESIAN_POINT('',(14.3333336164554,5.00000007450581,0.));
#4484=CARTESIAN_POINT('',(14.3333336164554,5.00000007450581,0.));
#4485=CARTESIAN_POINT('',(14.3333336164554,-5.00000007450581,0.));
#4486=CARTESIAN_POINT('',(14.3333336164554,-2.5000000372529,0.));
#4487=CARTESIAN_POINT('',(14.3333336164554,-5.00000007450581,0.));
#4488=CARTESIAN_POINT('Origin',(12.8333335941037,5.00000007450581,0.));
#4489=CARTESIAN_POINT('',(11.3333335717519,5.00000007450581,0.));
#4490=CARTESIAN_POINT('',(11.3333335717519,5.00000007450581,0.));
#4491=CARTESIAN_POINT('Origin',(12.8333335941037,5.00000007450581,0.));
#4492=CARTESIAN_POINT('Origin',(9.66666694978873,-5.00000007450581,0.));
#4493=CARTESIAN_POINT('',(9.66666694978873,5.00000007450581,0.));
#4494=CARTESIAN_POINT('',(9.66666694978873,5.00000007450581,0.));
#4495=CARTESIAN_POINT('',(9.66666694978873,-5.00000007450581,0.));
#4496=CARTESIAN_POINT('',(9.66666694978873,-2.5000000372529,0.));
#4497=CARTESIAN_POINT('',(9.66666694978873,-5.00000007450581,0.));
#4498=CARTESIAN_POINT('Origin',(8.16666692743699,5.00000007450581,0.));
#4499=CARTESIAN_POINT('',(6.66666690508524,5.00000007450581,0.));
#4500=CARTESIAN_POINT('',(6.66666690508524,5.00000007450581,0.));
#4501=CARTESIAN_POINT('Origin',(8.16666692743699,5.00000007450581,0.));
#4502=CARTESIAN_POINT('Origin',(16.0000002384186,5.00000007450581,0.));
#4503=CARTESIAN_POINT('',(16.0000002384186,-5.00000007450581,0.));
#4504=CARTESIAN_POINT('',(16.0000002384186,-5.00000007450581,0.));
#4505=CARTESIAN_POINT('',(16.0000002384186,5.00000007450581,0.));
#4506=CARTESIAN_POINT('',(16.0000002384186,2.5000000372529,0.));
#4507=CARTESIAN_POINT('',(16.0000002384186,5.00000007450581,0.));
#4508=CARTESIAN_POINT('Origin',(17.5000002607703,-5.00000007450581,0.));
#4509=CARTESIAN_POINT('',(19.0000002831221,-5.00000007450581,0.));
#4510=CARTESIAN_POINT('',(19.0000002831221,-5.00000007450581,0.));
#4511=CARTESIAN_POINT('Origin',(17.5000002607703,-5.00000007450581,0.));
#4512=CARTESIAN_POINT('Origin',(2.00000023841858,5.00000007450581,0.));
#4513=CARTESIAN_POINT('',(2.00000023841858,-5.00000007450581,0.));
#4514=CARTESIAN_POINT('',(2.00000002980232,-5.00000007450581,10.));
#4515=CARTESIAN_POINT('',(2.00000023841858,5.00000007450581,0.));
#4516=CARTESIAN_POINT('',(2.00000023841858,2.5000000372529,0.));
#4517=CARTESIAN_POINT('',(2.00000023841858,5.00000007450581,0.));
#4518=CARTESIAN_POINT('Origin',(3.50000026077032,-5.00000007450581,0.));
#4519=CARTESIAN_POINT('',(5.00000028312206,-5.00000007450581,0.));
#4520=CARTESIAN_POINT('',(5.00000028312206,-5.00000007450581,0.));
#4521=CARTESIAN_POINT('Origin',(3.50000026077032,-5.00000007450581,0.));
#4522=CARTESIAN_POINT('Origin',(13.666666927437,-7.49999983236194,0.));
#4523=CARTESIAN_POINT('',(13.666666927437,-10.7387129664729,0.));
#4524=CARTESIAN_POINT('',(13.666666927437,-10.7387129664729,0.));
#4525=CARTESIAN_POINT('',(13.666666927437,-7.49999983236194,0.));
#4526=CARTESIAN_POINT('',(13.666666927437,-3.74999991618097,0.));
#4527=CARTESIAN_POINT('',(13.666666927437,-7.49999983236194,0.));
#4528=CARTESIAN_POINT('Origin',(15.166666927437,-10.7387129664729,0.));
#4529=CARTESIAN_POINT('Origin',(15.166666927437,-10.7387129664729,10.));
#4530=CARTESIAN_POINT('',(16.666666927437,-10.7387129664729,0.));
#4531=CARTESIAN_POINT('',(16.666666927437,-10.7387129664729,0.));
#4532=CARTESIAN_POINT('Origin',(15.166666927437,-10.7387129664729,0.));
#4533=CARTESIAN_POINT('Origin',(12.0000002607703,-15.5000001117587,0.));
#4534=CARTESIAN_POINT('',(12.0000002607703,-7.50000011175871,0.));
#4535=CARTESIAN_POINT('',(12.0000002607703,-7.50000011175871,0.));
#4536=CARTESIAN_POINT('',(12.0000002607703,-15.5000001117587,0.));
#4537=CARTESIAN_POINT('',(12.0000002607703,-7.75000005587935,0.));
#4538=CARTESIAN_POINT('',(12.0000002607703,-15.5000001117587,0.));
#4539=CARTESIAN_POINT('Origin',(10.5000002607703,-7.77500008903444,0.));
#4540=CARTESIAN_POINT('',(9.00000026077032,-7.50000011175871,0.));
#4541=CARTESIAN_POINT('',(9.00000026077032,-7.50000011175871,0.));
#4542=CARTESIAN_POINT('Origin',(10.5000002607703,-7.77500008903444,0.));
#4543=CARTESIAN_POINT('Origin',(9.00000026077032,-7.50000011175871,0.));
#4544=CARTESIAN_POINT('',(9.00000026077032,-15.5000001117587,0.));
#4545=CARTESIAN_POINT('',(9.00000026077032,-15.5000001117587,0.));
#4546=CARTESIAN_POINT('',(9.00000026077032,-3.75000005587935,0.));
#4547=CARTESIAN_POINT('Origin',(10.5000002607703,-15.5000001117587,0.));
#4548=CARTESIAN_POINT('Origin',(10.5000002607703,-15.5000001117587,0.));
#4549=CARTESIAN_POINT('Origin',(10.5000002607703,-15.5000001117587,10.));
#4550=CARTESIAN_POINT('Origin',(7.33333359410365,-17.5000001117587,0.));
#4551=CARTESIAN_POINT('',(7.33333359410365,-7.50000011175871,0.));
#4552=CARTESIAN_POINT('',(7.33333359410365,-7.50000011175871,0.));
#4553=CARTESIAN_POINT('',(7.33333359410365,-17.5000001117587,0.));
#4554=CARTESIAN_POINT('',(7.33333359410365,-8.75000005587935,0.));
#4555=CARTESIAN_POINT('',(7.33333359410365,-17.5000001117587,0.));
#4556=CARTESIAN_POINT('Origin',(5.83333359410365,-7.77500008903444,0.));
#4557=CARTESIAN_POINT('',(4.33333359410365,-7.50000011175871,0.));
#4558=CARTESIAN_POINT('',(4.33333359410365,-7.50000011175871,0.));
#4559=CARTESIAN_POINT('Origin',(5.83333359410365,-7.77500008903444,0.));
#4560=CARTESIAN_POINT('Origin',(4.33333359410365,-7.50000011175871,0.));
#4561=CARTESIAN_POINT('',(4.33333359410365,-17.5000001117587,0.));
#4562=CARTESIAN_POINT('',(4.33333359410365,-17.5000001117587,0.));
#4563=CARTESIAN_POINT('',(4.33333359410365,-3.75000005587935,0.));
#4564=CARTESIAN_POINT('Origin',(5.83333359410365,-17.5000001117587,0.));
#4565=CARTESIAN_POINT('Origin',(5.83333359410365,-17.5000001117587,0.));
#4566=CARTESIAN_POINT('Origin',(5.83333359410365,-17.5000001117587,10.));
#4567=CARTESIAN_POINT('Origin',(3.00000004470348,-19.1051718508777,0.));
#4568=CARTESIAN_POINT('',(3.00000004470348,-7.50000011175871,0.));
#4569=CARTESIAN_POINT('',(3.00000004470348,-7.50000011175871,0.));
#4570=CARTESIAN_POINT('',(3.00000004470348,-19.1051718508777,0.));
#4571=CARTESIAN_POINT('',(3.00000004470348,-9.55258592543883,0.));
#4572=CARTESIAN_POINT('',(3.00000004470348,-19.1051718508777,0.));
#4573=CARTESIAN_POINT('Origin',(1.80000004470348,-7.50000011175871,0.));
#4574=CARTESIAN_POINT('',(0.600000044703484,-7.50000011175871,0.));
#4575=CARTESIAN_POINT('',(0.600000044703484,-7.50000011175871,0.));
#4576=CARTESIAN_POINT('Origin',(1.80000004470348,-7.50000011175871,0.));
#4577=CARTESIAN_POINT('Origin',(0.600000044703484,-7.50000011175871,0.));
#4578=CARTESIAN_POINT('',(0.600000044703484,-19.1051718508777,0.));
#4579=CARTESIAN_POINT('',(0.600000044703484,-19.1051718508777,0.));
#4580=CARTESIAN_POINT('',(0.600000044703484,-3.75000005587935,0.));
#4581=CARTESIAN_POINT('Origin',(1.80000004470348,-19.1051718508777,0.));
#4582=CARTESIAN_POINT('Origin',(1.80000004470348,-19.1051718508777,0.));
#4583=CARTESIAN_POINT('Origin',(1.80000004470348,-19.1051718508777,10.));
#4584=CARTESIAN_POINT('Origin',(-0.600000044703484,-19.1051718508777,0.));
#4585=CARTESIAN_POINT('',(-0.600000044703484,-7.50000011175871,0.));
#4586=CARTESIAN_POINT('',(-0.600000044703484,-7.50000011175871,0.));
#4587=CARTESIAN_POINT('',(-0.600000044703484,-19.1051718508777,0.));
#4588=CARTESIAN_POINT('',(-0.600000044703484,-9.55258592543883,0.));
#4589=CARTESIAN_POINT('',(-0.600000044703484,-19.1051718508777,0.));
#4590=CARTESIAN_POINT('Origin',(-1.80000004470348,-7.50000011175871,0.));
#4591=CARTESIAN_POINT('',(-3.00000004470348,-7.50000011175871,0.));
#4592=CARTESIAN_POINT('',(-3.00000004470348,-7.50000011175871,0.));
#4593=CARTESIAN_POINT('Origin',(-1.80000004470348,-7.50000011175871,0.));
#4594=CARTESIAN_POINT('Origin',(-3.00000004470348,-7.50000011175871,0.));
#4595=CARTESIAN_POINT('',(-3.00000004470348,-19.1051718508777,0.));
#4596=CARTESIAN_POINT('',(-3.00000004470348,-19.1051718508777,0.));
#4597=CARTESIAN_POINT('',(-3.00000004470348,-3.75000005587935,0.));
#4598=CARTESIAN_POINT('Origin',(-1.80000004470348,-19.1051718508777,0.));
#4599=CARTESIAN_POINT('Origin',(-1.80000004470348,-19.1051718508777,0.));
#4600=CARTESIAN_POINT('Origin',(-1.80000004470348,-19.1051718508777,10.));
#4601=CARTESIAN_POINT('Origin',(-4.33333359410365,-17.5000001117587,0.));
#4602=CARTESIAN_POINT('',(-4.33333359410365,-7.50000011175871,0.));
#4603=CARTESIAN_POINT('',(-4.33333359410365,-7.50000011175871,0.));
#4604=CARTESIAN_POINT('',(-4.33333359410365,-17.5000001117587,0.));
#4605=CARTESIAN_POINT('',(-4.33333359410365,-8.75000005587935,0.));
#4606=CARTESIAN_POINT('',(-4.33333359410365,-17.5000001117587,0.));
#4607=CARTESIAN_POINT('Origin',(-5.83333359410365,-7.77500008903444,0.));
#4608=CARTESIAN_POINT('',(-7.33333359410365,-7.50000011175871,0.));
#4609=CARTESIAN_POINT('',(-7.33333359410365,-7.50000011175871,0.));
#4610=CARTESIAN_POINT('Origin',(-5.83333359410365,-7.77500008903444,0.));
#4611=CARTESIAN_POINT('Origin',(-7.33333359410365,-7.50000011175871,0.));
#4612=CARTESIAN_POINT('',(-7.33333359410365,-17.5000001117587,0.));
#4613=CARTESIAN_POINT('',(-7.33333359410365,-17.5000001117587,0.));
#4614=CARTESIAN_POINT('',(-7.33333359410365,-3.75000005587935,0.));
#4615=CARTESIAN_POINT('Origin',(-5.83333359410365,-17.5000001117587,0.));
#4616=CARTESIAN_POINT('Origin',(-5.83333359410365,-17.5000001117587,0.));
#4617=CARTESIAN_POINT('Origin',(-5.83333359410365,-17.5000001117587,10.));
#4618=CARTESIAN_POINT('Origin',(-9.00000026077032,-15.5000001117587,0.));
#4619=CARTESIAN_POINT('',(-9.00000026077032,-7.50000011175871,0.));
#4620=CARTESIAN_POINT('',(-9.00000026077032,-7.50000011175871,0.));
#4621=CARTESIAN_POINT('',(-9.00000026077032,-15.5000001117587,0.));
#4622=CARTESIAN_POINT('',(-9.00000026077032,-7.75000005587935,0.));
#4623=CARTESIAN_POINT('',(-9.00000026077032,-15.5000001117587,0.));
#4624=CARTESIAN_POINT('Origin',(-10.5000002607703,-7.77500008903444,0.));
#4625=CARTESIAN_POINT('',(-12.0000002607703,-7.50000011175871,0.));
#4626=CARTESIAN_POINT('',(-12.0000002607703,-7.50000011175871,0.));
#4627=CARTESIAN_POINT('Origin',(-10.5000002607703,-7.77500008903444,0.));
#4628=CARTESIAN_POINT('Origin',(-12.0000002607703,-7.50000011175871,0.));
#4629=CARTESIAN_POINT('',(-12.0000002607703,-15.5000001117587,0.));
#4630=CARTESIAN_POINT('',(-12.0000002607703,-15.5000001117587,0.));
#4631=CARTESIAN_POINT('',(-12.0000002607703,-3.75000005587935,0.));
#4632=CARTESIAN_POINT('Origin',(-10.5000002607703,-15.5000001117587,0.));
#4633=CARTESIAN_POINT('Origin',(-10.5000002607703,-15.5000001117587,0.));
#4634=CARTESIAN_POINT('Origin',(-10.5000002607703,-15.5000001117587,10.));
#4635=CARTESIAN_POINT('Origin',(-13.666666927437,-10.7387129664729,0.));
#4636=CARTESIAN_POINT('',(-13.666666927437,-7.49999983236194,0.));
#4637=CARTESIAN_POINT('',(-13.666666927437,-7.49999983236194,0.));
#4638=CARTESIAN_POINT('',(-13.666666927437,-10.7387129664729,0.));
#4639=CARTESIAN_POINT('',(-13.666666927437,-5.36935648323643,0.));
#4640=CARTESIAN_POINT('',(-13.666666927437,-10.7387129664729,0.));
#4641=CARTESIAN_POINT('Origin',(-15.166666927437,-7.7749999800697,0.));
#4642=CARTESIAN_POINT('',(-16.666666927437,-7.49999983236194,0.));
#4643=CARTESIAN_POINT('',(-16.666666927437,-7.49999983236194,0.));
#4644=CARTESIAN_POINT('Origin',(-15.166666927437,-7.7749999800697,0.));
#4645=CARTESIAN_POINT('Origin',(-16.666666927437,-7.49999983236194,0.));
#4646=CARTESIAN_POINT('',(-16.666666927437,-10.7387129664729,0.));
#4647=CARTESIAN_POINT('',(-16.666666927437,-10.7387129664729,0.));
#4648=CARTESIAN_POINT('',(-16.666666927437,-3.74999991618097,0.));
#4649=CARTESIAN_POINT('Origin',(-15.166666927437,-10.7387129664729,0.));
#4650=CARTESIAN_POINT('Origin',(-15.166666927437,-10.7387129664729,0.));
#4651=CARTESIAN_POINT('Origin',(-15.166666927437,-10.7387129664729,10.));
#4652=CARTESIAN_POINT('Origin',(0.,0.,10.));
#4653=CARTESIAN_POINT('',(-21.25,-2.60237444818813E-15,10.));
#4654=CARTESIAN_POINT('Origin',(0.,0.,10.));
#4655=CARTESIAN_POINT('Origin',(-15.166666927437,10.7387129664729,10.));
#4656=CARTESIAN_POINT('Origin',(-10.5000002607703,15.5000001117587,10.));
#4657=CARTESIAN_POINT('Origin',(-5.83333359410365,17.5000001117587,10.));
#4658=CARTESIAN_POINT('Origin',(-1.80000004470348,19.1051718508777,10.));
#4659=CARTESIAN_POINT('Origin',(1.80000004470348,19.1051718508777,10.));
#4660=CARTESIAN_POINT('Origin',(5.83333359410365,17.5000001117587,10.));
#4661=CARTESIAN_POINT('Origin',(10.5000002607703,15.5000001117587,10.));
#4662=CARTESIAN_POINT('Origin',(15.166666927437,10.7387129664729,10.));
#4663=CARTESIAN_POINT('Origin',(-16.666666927437,10.7387129664729,0.));
#4664=CARTESIAN_POINT('',(-16.666666927437,7.49999983236194,0.));
#4665=CARTESIAN_POINT('',(-16.666666927437,7.49999983236194,0.));
#4666=CARTESIAN_POINT('',(-16.666666927437,10.7387129664729,0.));
#4667=CARTESIAN_POINT('',(-16.666666927437,5.36935648323643,0.));
#4668=CARTESIAN_POINT('',(-16.666666927437,10.7387129664729,0.));
#4669=CARTESIAN_POINT('Origin',(-15.166666927437,10.7387129664729,0.));
#4670=CARTESIAN_POINT('',(-13.666666927437,10.7387129664729,0.));
#4671=CARTESIAN_POINT('Origin',(-15.166666927437,10.7387129664729,0.));
#4672=CARTESIAN_POINT('',(-13.666666927437,10.7387129664729,0.));
#4673=CARTESIAN_POINT('Origin',(-15.166666927437,7.7749999800697,0.));
#4674=CARTESIAN_POINT('',(-13.666666927437,7.49999983236194,0.));
#4675=CARTESIAN_POINT('',(-13.666666927437,7.49999983236194,0.));
#4676=CARTESIAN_POINT('Origin',(-15.166666927437,7.7749999800697,0.));
#4677=CARTESIAN_POINT('Origin',(-3.50000026077032,5.00000007450581,0.));
#4678=CARTESIAN_POINT('',(-5.00000028312206,5.00000007450581,0.));
#4679=CARTESIAN_POINT('',(-5.00000028312206,5.00000007450581,0.));
#4680=CARTESIAN_POINT('Origin',(-3.50000026077032,5.00000007450581,0.));
#4681=CARTESIAN_POINT('Origin',(-6.66666690508524,-5.00000007450581,0.));
#4682=CARTESIAN_POINT('',(-6.66666690508524,5.00000007450581,0.));
#4683=CARTESIAN_POINT('',(-6.66666690508524,5.00000007450581,0.));
#4684=CARTESIAN_POINT('',(-6.66666690508524,-5.00000007450581,0.));
#4685=CARTESIAN_POINT('',(-6.66666690508524,-2.5000000372529,0.));
#4686=CARTESIAN_POINT('',(-6.66666690508524,-5.00000007450581,0.));
#4687=CARTESIAN_POINT('Origin',(-8.16666692743699,5.00000007450581,0.));
#4688=CARTESIAN_POINT('',(-9.66666694978873,5.00000007450581,0.));
#4689=CARTESIAN_POINT('',(-9.66666694978873,5.00000007450581,0.));
#4690=CARTESIAN_POINT('Origin',(-8.16666692743699,5.00000007450581,0.));
#4691=CARTESIAN_POINT('Origin',(-11.3333335717519,-5.00000007450581,0.));
#4692=CARTESIAN_POINT('',(-11.3333335717519,5.00000007450581,0.));
#4693=CARTESIAN_POINT('',(-11.3333335717519,5.00000007450581,0.));
#4694=CARTESIAN_POINT('',(-11.3333335717519,-5.00000007450581,0.));
#4695=CARTESIAN_POINT('',(-11.3333335717519,-2.5000000372529,0.));
#4696=CARTESIAN_POINT('',(-11.3333335717519,-5.00000007450581,0.));
#4697=CARTESIAN_POINT('Origin',(-12.8333335941037,5.00000007450581,0.));
#4698=CARTESIAN_POINT('',(-14.3333336164554,5.00000007450581,0.));
#4699=CARTESIAN_POINT('',(-14.3333336164554,5.00000007450581,0.));
#4700=CARTESIAN_POINT('Origin',(-12.8333335941037,5.00000007450581,0.));
#4701=CARTESIAN_POINT('Origin',(-16.0000002384186,-5.00000007450581,0.));
#4702=CARTESIAN_POINT('',(-16.0000002384186,5.00000007450581,0.));
#4703=CARTESIAN_POINT('',(-16.0000002384186,5.00000007450581,0.));
#4704=CARTESIAN_POINT('',(-16.0000002384186,-5.00000007450581,0.));
#4705=CARTESIAN_POINT('',(-16.0000002384186,-2.5000000372529,0.));
#4706=CARTESIAN_POINT('',(-16.0000002384186,-5.00000007450581,0.));
#4707=CARTESIAN_POINT('Origin',(-17.5000002607703,5.00000007450581,0.));
#4708=CARTESIAN_POINT('',(-19.0000002831221,5.00000007450581,0.));
#4709=CARTESIAN_POINT('',(-19.0000002831221,5.00000007450581,0.));
#4710=CARTESIAN_POINT('Origin',(-17.5000002607703,5.00000007450581,0.));
#4711=CARTESIAN_POINT('Origin',(-4.33333359410365,7.50000011175871,0.));
#4712=CARTESIAN_POINT('',(-4.33333359410365,17.5000001117587,0.));
#4713=CARTESIAN_POINT('',(-4.33333359410365,17.5000001117587,0.));
#4714=CARTESIAN_POINT('',(-4.33333359410365,7.50000011175871,0.));
#4715=CARTESIAN_POINT('',(-4.33333359410365,3.75000005587935,0.));
#4716=CARTESIAN_POINT('',(-4.33333359410365,7.50000011175871,0.));
#4717=CARTESIAN_POINT('Origin',(-5.83333359410365,7.77500008903444,0.));
#4718=CARTESIAN_POINT('',(-7.33333359410365,7.50000011175871,0.));
#4719=CARTESIAN_POINT('Origin',(-5.83333359410365,7.77500008903444,0.));
#4720=CARTESIAN_POINT('',(-7.33333359410365,7.50000011175871,0.));
#4721=CARTESIAN_POINT('Origin',(-7.33333359410365,17.5000001117587,0.));
#4722=CARTESIAN_POINT('',(-7.33333359410365,17.5000001117587,0.));
#4723=CARTESIAN_POINT('',(-7.33333359410365,8.75000005587935,0.));
#4724=CARTESIAN_POINT('',(-7.33333359410365,17.5000001117587,0.));
#4725=CARTESIAN_POINT('Origin',(-5.83333359410365,17.5000001117587,0.));
#4726=CARTESIAN_POINT('Origin',(-5.83333359410365,17.5000001117587,0.));
#4727=CARTESIAN_POINT('Origin',(12.0000002607703,7.50000011175871,0.));
#4728=CARTESIAN_POINT('',(12.0000002607703,15.5000001117587,0.));
#4729=CARTESIAN_POINT('',(12.0000002607703,15.5000001117587,0.));
#4730=CARTESIAN_POINT('',(12.0000002607703,7.50000011175871,0.));
#4731=CARTESIAN_POINT('',(12.0000002607703,3.75000005587935,0.));
#4732=CARTESIAN_POINT('',(12.0000002607703,7.50000011175871,0.));
#4733=CARTESIAN_POINT('Origin',(10.5000002607703,7.77500008903444,0.));
#4734=CARTESIAN_POINT('',(9.00000026077032,7.50000011175871,0.));
#4735=CARTESIAN_POINT('Origin',(10.5000002607703,7.77500008903444,0.));
#4736=CARTESIAN_POINT('',(9.00000026077032,7.50000011175871,0.));
#4737=CARTESIAN_POINT('Origin',(9.00000026077032,15.5000001117587,0.));
#4738=CARTESIAN_POINT('',(9.00000026077032,15.5000001117587,0.));
#4739=CARTESIAN_POINT('',(9.00000026077032,7.75000005587935,0.));
#4740=CARTESIAN_POINT('',(9.00000026077032,15.5000001117587,0.));
#4741=CARTESIAN_POINT('Origin',(10.5000002607703,15.5000001117587,0.));
#4742=CARTESIAN_POINT('Origin',(10.5000002607703,15.5000001117587,0.));
#4743=CARTESIAN_POINT('Origin',(11.3333335717519,5.00000007450581,0.));
#4744=CARTESIAN_POINT('',(11.3333335717519,-5.00000007450581,0.));
#4745=CARTESIAN_POINT('',(11.3333335717519,-5.00000007450581,0.));
#4746=CARTESIAN_POINT('',(11.3333335717519,2.5000000372529,0.));
#4747=CARTESIAN_POINT('Origin',(12.8333335941037,-5.00000007450581,0.));
#4748=CARTESIAN_POINT('Origin',(12.8333335941037,-5.00000007450581,0.));
#4749=CARTESIAN_POINT('Origin',(6.66666690508524,5.00000007450581,0.));
#4750=CARTESIAN_POINT('',(6.66666690508524,-5.00000007450581,0.));
#4751=CARTESIAN_POINT('',(6.66666690508524,-5.00000007450581,0.));
#4752=CARTESIAN_POINT('',(6.66666690508524,2.5000000372529,0.));
#4753=CARTESIAN_POINT('Origin',(8.16666692743699,-5.00000007450581,0.));
#4754=CARTESIAN_POINT('Origin',(8.16666692743699,-5.00000007450581,0.));
#4755=CARTESIAN_POINT('Origin',(15.166666927437,10.7387129664729,0.));
#4756=CARTESIAN_POINT('',(13.666666927437,10.7387129664729,0.));
#4757=CARTESIAN_POINT('',(13.666666927437,10.7387129664729,0.));
#4758=CARTESIAN_POINT('',(16.666666927437,10.7387129664729,0.));
#4759=CARTESIAN_POINT('Origin',(15.166666927437,10.7387129664729,0.));
#4760=CARTESIAN_POINT('',(16.666666927437,10.7387129664729,0.));
#4761=CARTESIAN_POINT('Origin',(16.666666927437,7.49999983236194,0.));
#4762=CARTESIAN_POINT('',(16.666666927437,7.49999983236194,0.));
#4763=CARTESIAN_POINT('',(16.666666927437,3.74999991618097,0.));
#4764=CARTESIAN_POINT('',(16.666666927437,7.49999983236194,0.));
#4765=CARTESIAN_POINT('Origin',(15.166666927437,7.7749999800697,0.));
#4766=CARTESIAN_POINT('',(13.666666927437,7.49999983236194,0.));
#4767=CARTESIAN_POINT('Origin',(15.166666927437,7.7749999800697,0.));
#4768=CARTESIAN_POINT('',(13.666666927437,7.49999983236194,0.));
#4769=CARTESIAN_POINT('Origin',(13.666666927437,10.7387129664729,0.));
#4770=CARTESIAN_POINT('',(13.666666927437,5.36935648323643,0.));
#4771=CARTESIAN_POINT('Origin',(-12.0000002607703,15.5000001117587,0.));
#4772=CARTESIAN_POINT('',(-12.0000002607703,7.50000011175871,0.));
#4773=CARTESIAN_POINT('',(-12.0000002607703,7.50000011175871,0.));
#4774=CARTESIAN_POINT('',(-12.0000002607703,15.5000001117587,0.));
#4775=CARTESIAN_POINT('',(-12.0000002607703,7.75000005587935,0.));
#4776=CARTESIAN_POINT('',(-12.0000002607703,15.5000001117587,0.));
#4777=CARTESIAN_POINT('Origin',(-10.5000002607703,15.5000001117587,0.));
#4778=CARTESIAN_POINT('',(-9.00000026077032,15.5000001117587,0.));
#4779=CARTESIAN_POINT('Origin',(-10.5000002607703,15.5000001117587,0.));
#4780=CARTESIAN_POINT('',(-9.00000026077032,15.5000001117587,0.));
#4781=CARTESIAN_POINT('Origin',(-9.00000026077032,7.50000011175871,0.));
#4782=CARTESIAN_POINT('',(-9.00000026077032,7.50000011175871,0.));
#4783=CARTESIAN_POINT('',(-9.00000026077032,3.75000005587935,0.));
#4784=CARTESIAN_POINT('',(-9.00000026077032,7.50000011175871,0.));
#4785=CARTESIAN_POINT('Origin',(-10.5000002607703,7.77500008903444,0.));
#4786=CARTESIAN_POINT('Origin',(-10.5000002607703,7.77500008903444,0.));
#4787=CARTESIAN_POINT('Origin',(-3.00000004470348,19.1051718508777,0.));
#4788=CARTESIAN_POINT('',(-3.00000004470348,7.50000011175871,0.));
#4789=CARTESIAN_POINT('',(-3.00000004470348,7.50000011175871,0.));
#4790=CARTESIAN_POINT('',(-3.00000004470348,19.1051718508777,0.));
#4791=CARTESIAN_POINT('',(-3.00000004470348,9.55258592543883,0.));
#4792=CARTESIAN_POINT('',(-3.00000004470348,19.1051718508777,0.));
#4793=CARTESIAN_POINT('Origin',(-1.80000004470348,19.1051718508777,0.));
#4794=CARTESIAN_POINT('',(-0.600000044703484,19.1051718508777,0.));
#4795=CARTESIAN_POINT('Origin',(-1.80000004470348,19.1051718508777,0.));
#4796=CARTESIAN_POINT('',(-0.600000044703484,19.1051718508777,0.));
#4797=CARTESIAN_POINT('Origin',(-0.600000044703484,7.50000011175871,0.));
#4798=CARTESIAN_POINT('',(-0.600000044703484,7.50000011175871,0.));
#4799=CARTESIAN_POINT('',(-0.600000044703484,3.75000005587935,0.));
#4800=CARTESIAN_POINT('',(-0.600000044703484,7.50000011175871,0.));
#4801=CARTESIAN_POINT('Origin',(-1.80000004470348,7.50000011175871,0.));
#4802=CARTESIAN_POINT('Origin',(-1.80000004470348,7.50000011175871,0.));
#4803=CARTESIAN_POINT('Origin',(5.83333359410365,17.5000001117587,0.));
#4804=CARTESIAN_POINT('',(4.33333359410365,17.5000001117587,0.));
#4805=CARTESIAN_POINT('',(4.33333359410365,17.5000001117587,0.));
#4806=CARTESIAN_POINT('',(7.33333359410365,17.5000001117587,0.));
#4807=CARTESIAN_POINT('Origin',(5.83333359410365,17.5000001117587,0.));
#4808=CARTESIAN_POINT('',(7.33333359410365,17.5000001117587,0.));
#4809=CARTESIAN_POINT('Origin',(7.33333359410365,7.50000011175871,0.));
#4810=CARTESIAN_POINT('',(7.33333359410365,7.50000011175871,0.));
#4811=CARTESIAN_POINT('',(7.33333359410365,3.75000005587935,0.));
#4812=CARTESIAN_POINT('',(7.33333359410365,7.50000011175871,0.));
#4813=CARTESIAN_POINT('Origin',(5.83333359410365,7.77500008903444,0.));
#4814=CARTESIAN_POINT('',(4.33333359410365,7.50000011175871,0.));
#4815=CARTESIAN_POINT('Origin',(5.83333359410365,7.77500008903444,0.));
#4816=CARTESIAN_POINT('',(4.33333359410365,7.50000011175871,0.));
#4817=CARTESIAN_POINT('Origin',(4.33333359410365,17.5000001117587,0.));
#4818=CARTESIAN_POINT('',(4.33333359410365,8.75000005587935,0.));
#4819=CARTESIAN_POINT('Origin',(19.0000002831221,-5.00000007450581,0.));
#4820=CARTESIAN_POINT('',(19.0000002831221,5.00000007450581,0.));
#4821=CARTESIAN_POINT('',(19.0000002831221,5.00000007450581,0.));
#4822=CARTESIAN_POINT('',(19.0000002831221,-2.5000000372529,0.));
#4823=CARTESIAN_POINT('Origin',(17.5000002607703,5.00000007450581,0.));
#4824=CARTESIAN_POINT('Origin',(17.5000002607703,5.00000007450581,0.));
#4825=CARTESIAN_POINT('Origin',(15.166666927437,-7.7749999800697,0.));
#4826=CARTESIAN_POINT('',(16.666666927437,-7.49999983236194,0.));
#4827=CARTESIAN_POINT('Origin',(15.166666927437,-7.7749999800697,0.));
#4828=CARTESIAN_POINT('',(16.666666927437,-7.49999983236194,0.));
#4829=CARTESIAN_POINT('Origin',(16.666666927437,-10.7387129664729,0.));
#4830=CARTESIAN_POINT('',(16.666666927437,-5.36935648323643,0.));
#4831=CARTESIAN_POINT('Origin',(5.00000028312206,-5.00000007450581,0.));
#4832=CARTESIAN_POINT('',(5.00000028312206,5.00000007450581,0.));
#4833=CARTESIAN_POINT('',(5.00000028312206,5.00000007450581,0.));
#4834=CARTESIAN_POINT('',(5.00000028312206,-2.5000000372529,0.));
#4835=CARTESIAN_POINT('Origin',(3.50000026077032,5.00000007450581,0.));
#4836=CARTESIAN_POINT('Origin',(3.50000026077032,5.00000007450581,0.));
#4837=CARTESIAN_POINT('Origin',(3.00000004470348,7.50000011175871,0.));
#4838=CARTESIAN_POINT('',(3.00000004470348,19.1051718508777,0.));
#4839=CARTESIAN_POINT('',(3.00000004470348,19.1051718508777,0.));
#4840=CARTESIAN_POINT('',(3.00000004470348,7.50000011175871,0.));
#4841=CARTESIAN_POINT('',(3.00000004470348,3.75000005587935,0.));
#4842=CARTESIAN_POINT('',(3.00000004470348,7.50000011175871,0.));
#4843=CARTESIAN_POINT('Origin',(1.80000004470348,7.50000011175871,0.));
#4844=CARTESIAN_POINT('',(0.600000044703484,7.50000011175871,0.));
#4845=CARTESIAN_POINT('Origin',(1.80000004470348,7.50000011175871,0.));
#4846=CARTESIAN_POINT('',(0.600000044703484,7.50000011175871,0.));
#4847=CARTESIAN_POINT('Origin',(0.600000044703484,19.1051718508777,0.));
#4848=CARTESIAN_POINT('',(0.600000044703484,19.1051718508777,0.));
#4849=CARTESIAN_POINT('',(0.600000044703484,9.55258592543883,0.));
#4850=CARTESIAN_POINT('',(0.600000044703484,19.1051718508777,0.));
#4851=CARTESIAN_POINT('Origin',(1.80000004470348,19.1051718508777,0.));
#4852=CARTESIAN_POINT('Origin',(1.80000004470348,19.1051718508777,0.));
#4853=CARTESIAN_POINT('Origin',(-13.666666927437,7.49999983236194,0.));
#4854=CARTESIAN_POINT('',(-13.666666927437,3.74999991618097,0.));
#4855=CARTESIAN_POINT('Origin',(-5.00000028312206,5.00000007450581,0.));
#4856=CARTESIAN_POINT('',(-5.00000028312206,-5.00000007450581,0.));
#4857=CARTESIAN_POINT('',(-5.00000028312206,-5.00000007450581,0.));
#4858=CARTESIAN_POINT('',(-5.00000028312206,2.5000000372529,0.));
#4859=CARTESIAN_POINT('Origin',(-3.50000026077032,-5.00000007450581,0.));
#4860=CARTESIAN_POINT('Origin',(-3.50000026077032,-5.00000007450581,0.));
#4861=CARTESIAN_POINT('Origin',(-9.66666694978873,5.00000007450581,0.));
#4862=CARTESIAN_POINT('',(-9.66666694978873,-5.00000007450581,0.));
#4863=CARTESIAN_POINT('',(-9.66666694978873,-5.00000007450581,0.));
#4864=CARTESIAN_POINT('',(-9.66666694978873,2.5000000372529,0.));
#4865=CARTESIAN_POINT('Origin',(-8.16666692743699,-5.00000007450581,0.));
#4866=CARTESIAN_POINT('Origin',(-8.16666692743699,-5.00000007450581,0.));
#4867=CARTESIAN_POINT('Origin',(-14.3333336164554,5.00000007450581,0.));
#4868=CARTESIAN_POINT('',(-14.3333336164554,-5.00000007450581,0.));
#4869=CARTESIAN_POINT('',(-14.3333336164554,-5.00000007450581,0.));
#4870=CARTESIAN_POINT('',(-14.3333336164554,2.5000000372529,0.));
#4871=CARTESIAN_POINT('Origin',(-12.8333335941037,-5.00000007450581,0.));
#4872=CARTESIAN_POINT('Origin',(-12.8333335941037,-5.00000007450581,0.));
#4873=CARTESIAN_POINT('Origin',(-19.0000002831221,5.00000007450581,0.));
#4874=CARTESIAN_POINT('',(-19.0000002831221,-5.00000007450581,0.));
#4875=CARTESIAN_POINT('',(-19.0000002831221,-5.00000007450581,0.));
#4876=CARTESIAN_POINT('',(-19.0000002831221,2.5000000372529,0.));
#4877=CARTESIAN_POINT('Origin',(-17.5000002607703,-5.00000007450581,0.));
#4878=CARTESIAN_POINT('Origin',(-17.5000002607703,-5.00000007450581,0.));
#4879=CARTESIAN_POINT('Origin',(0.,0.,0.5));
#4880=CARTESIAN_POINT('',(-21.25,2.60237444818813E-15,0.5));
#4881=CARTESIAN_POINT('Origin',(0.,0.,0.5));
#4882=CARTESIAN_POINT('',(-20.75,-2.54114210823076E-15,0.));
#4883=CARTESIAN_POINT('Origin',(-20.75,-2.54114210823076E-15,0.5));
#4884=CARTESIAN_POINT('Origin',(0.,0.,0.));
#4885=CARTESIAN_POINT('Origin',(0.,0.,0.));
#4886=CARTESIAN_POINT('',(-21.25,-2.60237444818813E-15,0.));
#4887=CARTESIAN_POINT('Origin',(0.,0.,0.));
#4888=CARTESIAN_POINT('',(0.,0.,0.));
#4889=UNCERTAINTY_MEASURE_WITH_UNIT(LENGTH_MEASURE(0.01),#4895,
'DISTANCE_ACCURACY_VALUE',
'Maximum model space distance between geometric entities at asserted c
onnectivities');
#4890=UNCERTAINTY_MEASURE_WITH_UNIT(LENGTH_MEASURE(0.01),#4895,
'DISTANCE_ACCURACY_VALUE',
'Maximum model space distance between geometric entities at asserted c
onnectivities');
#4891=UNCERTAINTY_MEASURE_WITH_UNIT(LENGTH_MEASURE(0.01),#4895,
'DISTANCE_ACCURACY_VALUE',
'Maximum model space distance between geometric entities at asserted c
onnectivities');
#4892=(
GEOMETRIC_REPRESENTATION_CONTEXT(3)
GLOBAL_UNCERTAINTY_ASSIGNED_CONTEXT((#4889))
GLOBAL_UNIT_ASSIGNED_CONTEXT((#4895,#4897,#4898))
REPRESENTATION_CONTEXT('','3D')
);
#4893=(
GEOMETRIC_REPRESENTATION_CONTEXT(3)
GLOBAL_UNCERTAINTY_ASSIGNED_CONTEXT((#4890))
GLOBAL_UNIT_ASSIGNED_CONTEXT((#4895,#4897,#4898))
REPRESENTATION_CONTEXT('','3D')
);
#4894=(
GEOMETRIC_REPRESENTATION_CONTEXT(3)
GLOBAL_UNCERTAINTY_ASSIGNED_CONTEXT((#4891))
GLOBAL_UNIT_ASSIGNED_CONTEXT((#4895,#4897,#4898))
REPRESENTATION_CONTEXT('','3D')
);
#4895=(
LENGTH_UNIT()
NAMED_UNIT(*)
SI_UNIT(.MILLI.,.METRE.)
);
#4896=(
LENGTH_UNIT()
NAMED_UNIT(*)
SI_UNIT($,.METRE.)
);
#4897=(
NAMED_UNIT(*)
PLANE_ANGLE_UNIT()
SI_UNIT($,.RADIAN.)
);
#4898=(
NAMED_UNIT(*)
SI_UNIT($,.STERADIAN.)
SOLID_ANGLE_UNIT()
);
#4899=SHAPE_DEFINITION_REPRESENTATION(#4901,#4904);
#4900=SHAPE_DEFINITION_REPRESENTATION(#4902,#4905);
#4901=PRODUCT_DEFINITION_SHAPE('',$,#4907);
#4902=PRODUCT_DEFINITION_SHAPE('',$,#4908);
#4903=PRODUCT_DEFINITION_SHAPE($,$,#14);
#4904=SHAPE_REPRESENTATION('',(#2414,#2674),#4892);
#4905=SHAPE_REPRESENTATION('',(#2415),#4893);
#4906=PRODUCT_DEFINITION_CONTEXT('part definition',#4914,'design');
#4907=PRODUCT_DEFINITION('ZADKA DO VANY','ZADKA DO VANY v2',#4909,#4906);
#4908=PRODUCT_DEFINITION('zadka','zadka',#4910,#4906);
#4909=PRODUCT_DEFINITION_FORMATION('',$,#4916);
#4910=PRODUCT_DEFINITION_FORMATION('',$,#4917);
#4911=PRODUCT_RELATED_PRODUCT_CATEGORY('ZADKA DO VANY v2',
'ZADKA DO VANY v2',(#4916));
#4912=PRODUCT_RELATED_PRODUCT_CATEGORY('zadka','zadka',(#4917));
#4913=APPLICATION_PROTOCOL_DEFINITION('international standard',
'automotive_design',2009,#4914);
#4914=APPLICATION_CONTEXT(
'Core Data for Automotive Mechanical Design Process');
#4915=PRODUCT_CONTEXT('part definition',#4914,'mechanical');
#4916=PRODUCT('ZADKA DO VANY','ZADKA DO VANY v2',$,(#4915));
#4917=PRODUCT('zadka','zadka',$,(#4915));
#4918=PRESENTATION_STYLE_ASSIGNMENT((#4919));
#4919=SURFACE_STYLE_USAGE(.BOTH.,#4920);
#4920=SURFACE_SIDE_STYLE('',(#4921));
#4921=SURFACE_STYLE_FILL_AREA(#4922);
#4922=FILL_AREA_STYLE('Steel - Satin',(#4923));
#4923=FILL_AREA_STYLE_COLOUR('Steel - Satin',#4924);
#4924=COLOUR_RGB('Steel - Satin',0.627450980392157,0.627450980392157,0.627450980392157);
ENDSEC;
END-ISO-10303-21;
